profileUrl,username,fullName,imgUrl,id,isPrivate,isVerified,query,timestamp
https://www.instagram.com/_iamstanz_,_iamstanz_,Stanley Tan,https://scontent-yyz1-1.cdninstagram.com/v/t51.2885-19/244699140_291135079494742_8192659078712632394_n.jpg?stp=dst-jpg_s150x150&_nc_ht=scontent-yyz1-1.cdninstagram.com&_nc_cat=110&_nc_ohc=8MWLuZCLZOkAX9giyhQ&edm=ALB854YBAAAA&ccb=7-4&oh=00_AT_KvbUqQbKuFJdJBL0yafF3gVgtxEZ6uHq_exPSY9_hKg&oe=6240AA06&_nc_sid=04cb80,1930845621,true,false,https://www.instagram.com/sgchildrensoc/,2022-03-23T02:50:05.045Z
https://www.instagram.com/pandadl,pandadl,Deryk | ·ÑÉ·Ö¶·ÑÖ·Öµ·Ü®,https://scontent-yyz1-1.cdninstagram.com/v/t51.2885-19/156345508_914500785989904_7170379495272273282_n.jpg?stp=dst-jpg_s150x150&_nc_ht=scontent-yyz1-1.cdninstagram.com&_nc_cat=100&_nc_ohc=HZ11K6vVNqIAX_ZD2Y7&edm=ALB854YBAAAA&ccb=7-4&oh=00_AT_FpF2nYWfomGwDlZ3-o1EC7L51UX-3LZd_5IYFdgUaLA&oe=62412112&_nc_sid=04cb80,39223755,false,false,https://www.instagram.com/sgchildrensoc/,2022-03-23T02:50:05.045Z
https://www.instagram.com/vox.44cc,vox.44cc,VOX @ Children‚Äôs Society,https://scontent-yyz1-1.cdninstagram.com/v/t51.2885-19/133679077_410986999952710_8017442924617569609_n.jpg?stp=dst-jpg_s150x150&_nc_ht=scontent-yyz1-1.cdninstagram.com&_nc_cat=110&_nc_ohc=ujSrWCt7I9oAX8wLQ63&edm=ALB854YBAAAA&ccb=7-4&oh=00_AT9NYJTGQrM_k8BTu2vHR2WT83mh5Ma3nyaLhHQPzxXxEA&oe=6240BEEC&_nc_sid=04cb80,1834768088,false,false,https://www.instagram.com/sgchildrensoc/,2022-03-23T02:50:05.045Z
https://www.instagram.com/jremytay,jremytay,J to the Remy,https://scontent-yyz1-1.cdninstagram.com/v/t51.2885-19/271288059_249543197170009_5113150383435718987_n.jpg?stp=dst-jpg_s150x150&_nc_ht=scontent-yyz1-1.cdninstagram.com&_nc_cat=101&_nc_ohc=N4e8Mppvfc8AX_sVhwd&edm=ALB854YBAAAA&ccb=7-4&oh=00_AT9SEo0QES4xCKOFn_V9MMGyxX-hWMEFkQVTAJqouOrJMg&oe=6241E42B&_nc_sid=04cb80,194190647,true,false,https://www.instagram.com/sgchildrensoc/,2022-03-23T02:50:05.045Z
https://www.instagram.com/erviano__,erviano__,Ervin Lim,https://scontent-yyz1-1.cdninstagram.com/v/t51.2885-19/67491268_2325811797747950_9004265547264688128_n.jpg?stp=dst-jpg_s150x150&_nc_ht=scontent-yyz1-1.cdninstagram.com&_nc_cat=102&_nc_ohc=mLGYP8CuIIcAX-lKOYO&edm=ALB854YBAAAA&ccb=7-4&oh=00_AT8He1NMPsaOBqYWZlwVhDfIO8yrGvSnHk7WA4Nyr4bJ5g&oe=624194CB&_nc_sid=04cb80,453618877,false,false,https://www.instagram.com/sgchildrensoc/,2022-03-23T02:50:05.045Z
https://www.instagram.com/sgchildrensforum,sgchildrensforum,Singapore Children‚Äôs Forum SCF,https://scontent-yyz1-1.cdninstagram.com/v/t51.2885-19/204214121_208337357814790_3936910567260939396_n.jpg?stp=dst-jpg_s150x150&_nc_ht=scontent-yyz1-1.cdninstagram.com&_nc_cat=110&_nc_ohc=Gv-mgGInSfcAX-Car2l&edm=ALB854YBAAAA&ccb=7-4&oh=00_AT8A0hCeVhCP1eD_X34cyyMn4LT6KfTN02c0YL3k5Onx3g&oe=624093A3&_nc_sid=04cb80,48494841168,false,false,https://www.instagram.com/sgchildrensoc/,2022-03-23T02:50:05.045Z
https://www.instagram.com/leonardsim,leonardsim,Leonard Sim,https://scontent-yyz1-1.cdninstagram.com/v/t51.2885-19/269708176_4915860895114501_7942862518930570998_n.jpg?stp=dst-jpg_s150x150&_nc_ht=scontent-yyz1-1.cdninstagram.com&_nc_cat=101&_nc_ohc=SPRbaZPPMJUAX9wZyms&edm=ALB854YBAAAA&ccb=7-4&oh=00_AT_xCyNAbmnQoIoU9UVjT-o1ZhXRY1GKp3tQMJI3ifqm-w&oe=6241CE42&_nc_sid=04cb80,304714890,false,false,https://www.instagram.com/sgchildrensoc/,2022-03-23T02:50:05.045Z
https://www.instagram.com/roundboxcentre,roundboxcentre,RoundBox @ Children's Society,https://scontent-yyz1-1.cdninstagram.com/v/t51.2885-19/15276538_1802836233262646_2601845137277452288_a.jpg?stp=dst-jpg_s150x150&_nc_ht=scontent-yyz1-1.cdninstagram.com&_nc_cat=102&_nc_ohc=TdhwbhoXFbQAX8fLJXB&edm=ALB854YBAAAA&ccb=7-4&oh=00_AT_grR1qTwLYXGjqiTFWZj6XIs9_PkWplB6lyKFOcGEkyA&oe=6241FB4B&_nc_sid=04cb80,1309109480,false,false,https://www.instagram.com/sgchildrensoc/,2022-03-23T02:50:05.045Z
https://www.instagram.com/missdawnut,missdawnut,Dawnut,https://scontent-yyz1-1.cdninstagram.com/v/t51.2885-19/94432895_646437622870813_950134194229477376_n.jpg?stp=dst-jpg_s150x150&_nc_ht=scontent-yyz1-1.cdninstagram.com&_nc_cat=101&_nc_ohc=BKLkMMOUxbkAX9VrtHo&edm=ALB854YBAAAA&ccb=7-4&oh=00_AT-PfE6T_U8a4QOA4aRHLaIOuI9Tdt0T4NOEU4tVpVJ7Rw&oe=6240D2E4&_nc_sid=04cb80,313858422,false,false,https://www.instagram.com/sgchildrensoc/,2022-03-23T02:50:05.045Z
https://www.instagram.com/radinmas_youthnetwork,radinmas_youthnetwork,Radin Mas Youth Network,https://scontent-yyz1-1.cdninstagram.com/v/t51.2885-19/89382543_3256658891141489_4652423761755111424_n.jpg?stp=dst-jpg_s150x150&_nc_ht=scontent-yyz1-1.cdninstagram.com&_nc_cat=105&_nc_ohc=EbiJXN0jTVQAX_hDDM6&edm=ALB854YBAAAA&ccb=7-4&oh=00_AT_pSdLlUa5-DkvZtjfCktV0TGgLBtzkHwQ8gritw2Bhig&oe=62424FA5&_nc_sid=04cb80,11103702793,false,false,https://www.instagram.com/sgchildrensoc/,2022-03-23T02:50:05.045Z
https://www.instagram.com/den_at_jyc,den_at_jyc,DEN at JYC,https://scontent-yyz1-1.cdninstagram.com/v/t51.2885-19/12424376_1038502532875485_1091583348_a.jpg?stp=dst-jpg_s150x150&_nc_ht=scontent-yyz1-1.cdninstagram.com&_nc_cat=109&_nc_ohc=2YCgdhBS1AgAX-CCgsO&edm=ALB854YBAAAA&ccb=7-4&oh=00_AT-g12L7uD05ARy6kxJeKsIjDmB_b1QC5DlN1zzXgXDcpA&oe=624201C6&_nc_sid=04cb80,2319948272,true,false,https://www.instagram.com/sgchildrensoc/,2022-03-23T02:50:05.045Z
https://www.instagram.com/thefort.scs,thefort.scs,The Fort @ Children's Society,https://scontent-yyz1-1.cdninstagram.com/v/t51.2885-19/37814699_278426352934981_1429413202562646016_n.jpg?stp=dst-jpg_s150x150&_nc_ht=scontent-yyz1-1.cdninstagram.com&_nc_cat=101&_nc_ohc=If2glUv_hpwAX8c5eKj&edm=ALB854YBAAAA&ccb=7-4&oh=00_AT_211M_3h8vBp4iHsYgSq4fHRe_FNHfDEjOLwJ_gtP4ZQ&oe=6241D49B&_nc_sid=04cb80,4889931793,false,false,https://www.instagram.com/sgchildrensoc/,2022-03-23T02:50:05.045Z
https://www.instagram.com/mjrcabin,mjrcabin,MJRCABIN,https://scontent-yyz1-1.cdninstagram.com/v/t51.2885-19/11324517_1637839856456831_222463816_a.jpg?_nc_ht=scontent-yyz1-1.cdninstagram.com&_nc_cat=111&_nc_ohc=sMyD35W0ObcAX8S9NYd&edm=ALB854YBAAAA&ccb=7-4&oh=00_AT8ojjylsaj68c6BYLhs1LD07MxHbh514weSs6z9-DIxxQ&oe=62419523&_nc_sid=04cb80,1239293330,true,false,https://www.instagram.com/sgchildrensoc/,2022-03-23T02:50:05.045Z
https://www.instagram.com/cheekiemonkies,cheekiemonkies,Cheekiemonkies,https://scontent-yyz1-1.cdninstagram.com/v/t51.2885-19/72257106_3186429764763820_5215918566137659392_n.jpg?stp=dst-jpg_s150x150&_nc_ht=scontent-yyz1-1.cdninstagram.com&_nc_cat=104&_nc_ohc=9oXwS6CuYn0AX9yQNFH&edm=ALB854YBAAAA&ccb=7-4&oh=00_AT8NmyyKVVgrKf24Qe0D3ib3Zs4F4CV5T5DrC8ypsuZiZQ&oe=6240CA29&_nc_sid=04cb80,55141583,false,false,https://www.instagram.com/sgchildrensoc/,2022-03-23T02:50:05.045Z
https://www.instagram.com/sengkangbabies,sengkangbabies,Andy Lee,https://scontent-yyz1-1.cdninstagram.com/v/t51.2885-19/11372306_1695350550687781_144851002_a.jpg?_nc_ht=scontent-yyz1-1.cdninstagram.com&_nc_cat=101&_nc_ohc=qYYhkGtHSxMAX9ac5qF&edm=ALB854YBAAAA&ccb=7-4&oh=00_AT9bIYHpvH3gA9yDo0wn1W7Q9GE8nBd6TN59bEadIFGRgg&oe=62421285&_nc_sid=04cb80,31768160,false,false,https://www.instagram.com/sgchildrensoc/,2022-03-23T02:50:05.045Z
https://www.instagram.com/erc_institute,erc_institute,ERC Institute,https://scontent-yyz1-1.cdninstagram.com/v/t51.2885-19/148361453_270585551128065_5550002417351431801_n.jpg?_nc_ht=scontent-yyz1-1.cdninstagram.com&_nc_cat=109&_nc_ohc=Cln7d_11jRoAX9HferW&edm=ALB854YBAAAA&ccb=7-4&oh=00_AT_YQQgnMz2HUbXjbt9-aw1jvc-w6ahz7C_oS9d5aHetmA&oe=62423854&_nc_sid=04cb80,1373247816,false,false,https://www.instagram.com/sgchildrensoc/,2022-03-23T02:50:05.045Z
https://www.instagram.com/jyc_at_scs,jyc_at_scs,GIG@JYC,https://scontent-yyz1-1.cdninstagram.com/v/t51.2885-19/13658813_317189781951159_714312218_a.jpg?stp=dst-jpg_s150x150&_nc_ht=scontent-yyz1-1.cdninstagram.com&_nc_cat=103&_nc_ohc=B5iGZR6AslEAX8Syjui&edm=ALB854YBAAAA&ccb=7-4&oh=00_AT9Ht8ohkuNA4qf2QZIH55wxWF5MeCNq6e4nF_EuVDw7Jg&oe=6240C09E&_nc_sid=04cb80,1589778354,false,false,https://www.instagram.com/sgchildrensoc/,2022-03-23T02:50:05.045Z
https://www.instagram.com/sgcancersociety,sgcancersociety,Singapore Cancer Society,https://scontent-yyz1-1.cdninstagram.com/v/t51.2885-19/14128852_157614188012193_1663792545_a.jpg?stp=dst-jpg_s150x150&_nc_ht=scontent-yyz1-1.cdninstagram.com&_nc_cat=109&_nc_ohc=VJ0O78gRLgwAX-Eb3eh&edm=ALB854YBAAAA&ccb=7-4&oh=00_AT-nrswgERRX5c5UgAJKvcFxSesRwUOCR0Pv7VNiRUwpxA&oe=6240FFB2&_nc_sid=04cb80,585525654,false,true,https://www.instagram.com/sgchildrensoc/,2022-03-23T02:50:05.045Z
https://www.instagram.com/welovefunfit,welovefunfit,FUNFIT,https://scontent-yyz1-1.cdninstagram.com/v/t51.2885-19/271184975_1708562216006098_1181697582719546010_n.jpg?stp=dst-jpg_s150x150&_nc_ht=scontent-yyz1-1.cdninstagram.com&_nc_cat=110&_nc_ohc=Rk5Femn9UiYAX_LwIIQ&edm=ALB854YBAAAA&ccb=7-4&oh=00_AT8cmJB6Pyt-CnBid6qszZFQ9i9_ZXyLR1uqVhx9a5dodw&oe=6241FBC7&_nc_sid=04cb80,297349834,false,false,https://www.instagram.com/sgchildrensoc/,2022-03-23T02:50:05.045Z
https://www.instagram.com/spdsingapore,spdsingapore,SPD,https://scontent-yyz1-1.cdninstagram.com/v/t51.2885-19/252059298_3051660395072808_4594225689150622949_n.jpg?stp=dst-jpg_s150x150&_nc_ht=scontent-yyz1-1.cdninstagram.com&_nc_cat=100&_nc_ohc=V6krsBAj8nwAX_O4fDe&edm=ALB854YBAAAA&ccb=7-4&oh=00_AT-VFdMt4IMsNIxda_gnGFPMVhhfRnowHyRrHmdSd0ggWQ&oe=6240EC7B&_nc_sid=04cb80,1599784403,false,false,https://www.instagram.com/sgchildrensoc/,2022-03-23T02:50:05.045Z
https://www.instagram.com/singaporecares,singaporecares,SG Cares,https://scontent-yyz1-1.cdninstagram.com/v/t51.2885-19/23498764_151079798957057_523962340547231744_n.jpg?stp=dst-jpg_s150x150&_nc_ht=scontent-yyz1-1.cdninstagram.com&_nc_cat=105&_nc_ohc=8wt_ivEQXx0AX_d1J1P&edm=ALB854YBAAAA&ccb=7-4&oh=00_AT8zHxN8lX30vMT7Q_MjvsqdRv5fCTOqRzEqSHyNfkr7mQ&oe=6240F412&_nc_sid=04cb80,5509320042,false,false,https://www.instagram.com/sgchildrensoc/,2022-03-23T02:50:05.045Z
https://www.instagram.com/evdanceofficial,evdanceofficial,EV Dance,https://scontent-yyz1-1.cdninstagram.com/v/t51.2885-19/17661831_197077744123411_7135735854726643712_a.jpg?stp=dst-jpg_s150x150&_nc_ht=scontent-yyz1-1.cdninstagram.com&_nc_cat=107&_nc_ohc=MmEi1T0l23YAX_gMRve&edm=ALB854YBAAAA&ccb=7-4&oh=00_AT82LyqmYpjf51KoIZdasWUl9U0PTy3FGZrRS7ZqFlNByQ&oe=6240FC33&_nc_sid=04cb80,962785815,false,false,https://www.instagram.com/sgchildrensoc/,2022-03-23T02:50:05.045Z
https://www.instagram.com/cityofgoodsg,cityofgoodsg,NVPC - Towards a City of Good,https://scontent-yyz1-1.cdninstagram.com/v/t51.2885-19/72396912_1218156345038737_215326699326275584_n.jpg?stp=dst-jpg_s150x150&_nc_ht=scontent-yyz1-1.cdninstagram.com&_nc_cat=101&_nc_ohc=QwdhDJoC7mEAX_BMr1k&edm=ALB854YBAAAA&ccb=7-4&oh=00_AT8kiMP3bmfoc5j5bUAisWSUawsvszsEn3StKlKXRBL_Xw&oe=6240F340&_nc_sid=04cb80,22431215376,false,true,https://www.instagram.com/sgchildrensoc/,2022-03-23T02:50:05.045Z
https://www.instagram.com/sgpools,sgpools,Singapore Pools,https://scontent-yyz1-1.cdninstagram.com/v/t51.2885-19/928846_1709968022564546_111811234_a.jpg?_nc_ht=scontent-yyz1-1.cdninstagram.com&_nc_cat=102&_nc_ohc=pM2d0j3fNCkAX9G4gVo&edm=ALB854YBAAAA&ccb=7-4&oh=00_AT_zLmHSxS0JfF4FkHcpUAxIzGQeJowZFM3OHwi5OTmcWg&oe=62421599&_nc_sid=04cb80,1314874334,false,false,https://www.instagram.com/sgchildrensoc/,2022-03-23T02:50:05.045Z
https://www.instagram.com/theasianparent,theasianparent,theAsianparent,https://scontent-yyz1-1.cdninstagram.com/v/t51.2885-19/131602790_510784306549591_1362790899927654354_n.jpg?stp=dst-jpg_s150x150&_nc_ht=scontent-yyz1-1.cdninstagram.com&_nc_cat=107&_nc_ohc=e-cMIK6-5NEAX-sPkg6&edm=ALB854YBAAAA&ccb=7-4&oh=00_AT_E9_kV509-jayxSqmlMuwbMighup1KrW83jVH87vyedg&oe=624257DB&_nc_sid=04cb80,948316002,false,true,https://www.instagram.com/sgchildrensoc/,2022-03-23T02:50:05.045Z
https://www.instagram.com/invisiblefriends_io,invisiblefriends_io,Invisible Friends,https://scontent-yyz1-1.cdninstagram.com/v/t51.2885-19/270990852_2077686095722256_2863002539497988538_n.jpg?stp=dst-jpg_s150x150&_nc_ht=scontent-yyz1-1.cdninstagram.com&_nc_cat=1&_nc_ohc=Flg1H62UJLcAX-8gQ1v&edm=ALB854YBAAAA&ccb=7-4&oh=00_AT9-XK7-uIbO8KHJzmb30RJgiwx3zGCq6JjEfEfzhKy0Wg&oe=62425E83&_nc_sid=04cb80,51016046033,false,true,https://www.instagram.com/sgchildrensoc/,2022-03-23T02:50:05.045Z
https://www.instagram.com/comchestsg,comchestsg,Community Chest Singapore,https://scontent-yyz1-1.cdninstagram.com/v/t51.2885-19/13408922_1735131116749205_947707769_a.jpg?stp=dst-jpg_s150x150&_nc_ht=scontent-yyz1-1.cdninstagram.com&_nc_cat=105&_nc_ohc=YGhSUEohtSEAX9Ie3x6&edm=ALB854YBAAAA&ccb=7-4&oh=00_AT_9KOAQcMNN354dkuEiWG4Ox6aLUDRWcYZoK7TCZQGT9w&oe=6240819B&_nc_sid=04cb80,1342191405,false,true,https://www.instagram.com/sgchildrensoc/,2022-03-23T02:50:05.045Z
https://www.instagram.com/superheromesg,superheromesg,Superhero Me,https://scontent-yyz1-1.cdninstagram.com/v/t51.2885-19/263599863_299729045379868_7863704856584666398_n.jpg?stp=dst-jpg_s150x150&_nc_ht=scontent-yyz1-1.cdninstagram.com&_nc_cat=104&_nc_ohc=oG-7Mw6HaNIAX8XODwt&edm=ALB854YBAAAA&ccb=7-4&oh=00_AT_1BFnhwLh1IV53qI34bdvCS8sbyGJuWYnnc9tao3N9kQ&oe=62427319&_nc_sid=04cb80,1459324429,false,false,https://www.instagram.com/sgchildrensoc/,2022-03-23T02:50:05.045Z
https://www.instagram.com/littlemagsg,littlemagsg,little magazine,https://scontent-yyz1-1.cdninstagram.com/v/t51.2885-19/85184470_574817536437477_4859327244234915840_n.jpg?stp=dst-jpg_s150x150&_nc_ht=scontent-yyz1-1.cdninstagram.com&_nc_cat=109&_nc_ohc=5uQjq5qz44gAX8iFir5&edm=ALB854YBAAAA&ccb=7-4&oh=00_AT_wrMqv8hKDoVLh-Nw89tW74H4zNk0xBDrA6hlH4tUvUg&oe=62418405&_nc_sid=04cb80,495414988,false,false,https://www.instagram.com/sgchildrensoc/,2022-03-23T02:50:05.045Z
https://www.instagram.com/epeakeventsolutions,epeakeventsolutions,EPeak Event Solutions ¬©Ô∏è ¬ÆÔ∏è,https://scontent-yyz1-1.cdninstagram.com/v/t51.2885-19/14549890_695196847311642_3305283930512424960_a.jpg?stp=dst-jpg_s150x150&_nc_ht=scontent-yyz1-1.cdninstagram.com&_nc_cat=106&_nc_ohc=9tYUYhbeSJQAX9DWtLm&edm=ALB854YBAAAA&ccb=7-4&oh=00_AT8iuuosBdPp7B-qOx_l7VawPD47Rx0jdnEJVU2cid_5jQ&oe=6241002F&_nc_sid=04cb80,3632039516,false,false,https://www.instagram.com/sgchildrensoc/,2022-03-23T02:50:05.045Z
https://www.instagram.com/betterinternetsg,betterinternetsg,betterinternetsg,https://scontent-yyz1-1.cdninstagram.com/v/t51.2885-19/35369065_175965486430781_3564951683224043520_n.jpg?stp=dst-jpg_s150x150&_nc_ht=scontent-yyz1-1.cdninstagram.com&_nc_cat=105&_nc_ohc=rE6SrQjDyvwAX8lgDGj&edm=ALB854YBAAAA&ccb=7-4&oh=00_AT9ILZCbL9vdYr4OKqJxB5TvUw4epl3gJYCZI7ydQYdbTA&oe=6240E9ED&_nc_sid=04cb80,2447649968,false,true,https://www.instagram.com/sgchildrensoc/,2022-03-23T02:50:05.045Z
https://www.instagram.com/socialservicesgconnect,socialservicesgconnect,Social Service SG-Connect,https://scontent-yyz1-1.cdninstagram.com/v/t51.2885-19/123141101_386275245832847_3030462275016424188_n.jpg?stp=dst-jpg_s150x150&_nc_ht=scontent-yyz1-1.cdninstagram.com&_nc_cat=111&_nc_ohc=mjMr1V_OJHcAX-tgnIj&edm=ALB854YBAAAA&ccb=7-4&oh=00_AT_DKC3lZ1Ss5-ebZA10NlyigOTxwOmPW6GzN70w5brsBw&oe=624207FE&_nc_sid=04cb80,6459409828,false,false,https://www.instagram.com/sgchildrensoc/,2022-03-23T02:50:05.045Z
https://www.instagram.com/baeyyamkeng,baeyyamkeng,Baey Yam Keng  È©¨ÁÇéÂ∫Ü,https://scontent-yyz1-1.cdninstagram.com/v/t51.2885-19/265550670_1051585758971317_5483240639989391778_n.jpg?stp=dst-jpg_s150x150&_nc_ht=scontent-yyz1-1.cdninstagram.com&_nc_cat=101&_nc_ohc=jr2hEC4XAZgAX-Dy0oS&edm=ALB854YBAAAA&ccb=7-4&oh=00_AT8f0ufqkNCjRjDfQG019rJkDkW4VVb1H0DLtRPctnCH_A&oe=62411626&_nc_sid=04cb80,273114450,false,true,https://www.instagram.com/sgchildrensoc/,2022-03-23T02:50:05.045Z
https://www.instagram.com/jycgig_photography,jycgig_photography,Jurong Youth Centre,https://scontent-yyz1-1.cdninstagram.com/v/t51.2885-19/13398945_281291255554898_1876087105_a.jpg?stp=dst-jpg_s150x150&_nc_ht=scontent-yyz1-1.cdninstagram.com&_nc_cat=102&_nc_ohc=nYIN-JwuKwAAX-ppsmj&edm=ALB854YBAAAA&ccb=7-4&oh=00_AT_l8oWuS5Zi2zbJnj0PkROdZIp2JOZhtcuHokWf6fo_rA&oe=62425600&_nc_sid=04cb80,3422963810,true,false,https://www.instagram.com/sgchildrensoc/,2022-03-23T02:50:05.045Z
https://www.instagram.com/littledayout,littledayout,Little Day Out,https://scontent-yyz1-1.cdninstagram.com/v/t51.2885-19/118615273_316124799836228_8672200037469879626_n.jpg?stp=dst-jpg_s150x150&_nc_ht=scontent-yyz1-1.cdninstagram.com&_nc_cat=108&_nc_ohc=OGr1Dq0SNT0AX8ALpjh&edm=ALB854YBAAAA&ccb=7-4&oh=00_AT8O4-KcUh2tHPONTPbL7DGhLsdc41t1kyz4ViU1Xjz2eQ&oe=62417071&_nc_sid=04cb80,481602848,false,false,https://www.instagram.com/sgchildrensoc/,2022-03-23T02:50:05.045Z
https://www.instagram.com/channelnewsasia,channelnewsasia,CNA,https://scontent-yyz1-1.cdninstagram.com/v/t51.2885-19/57024175_430669177710250_4966834725239914496_n.jpg?stp=dst-jpg_s150x150&_nc_ht=scontent-yyz1-1.cdninstagram.com&_nc_cat=1&_nc_ohc=o7fEutQOx9wAX-waFtc&edm=ALB854YBAAAA&ccb=7-4&oh=00_AT9TdusSbz8rveWXkx6LMQWvU2GjJzqcbx3mpQWXuo2jdA&oe=6241BAE9&_nc_sid=04cb80,207567201,false,true,https://www.instagram.com/sgchildrensoc/,2022-03-23T02:50:05.045Z
https://www.instagram.com/scapesg,scapesg,*SCAPE,https://scontent-yyz1-1.cdninstagram.com/v/t51.2885-19/83336469_2877472375637898_3381455540579205120_n.jpg?stp=dst-jpg_s150x150&_nc_ht=scontent-yyz1-1.cdninstagram.com&_nc_cat=106&_nc_ohc=ic-s4OjRcZIAX81TdrW&edm=ALB854YBAAAA&ccb=7-4&oh=00_AT8V55F4i3YgjwQhcdrXP2ej4rNtjfG1om3oJKtIRx3j9A&oe=62410464&_nc_sid=04cb80,248522344,false,false,https://www.instagram.com/sgchildrensoc/,2022-03-23T02:50:05.045Z
https://www.instagram.com/our_sg,our_sg,Our SG,https://scontent-yyz1-1.cdninstagram.com/v/t51.2885-19/12393610_810786792364998_2140057957_a.jpg?stp=dst-jpg_s150x150&_nc_ht=scontent-yyz1-1.cdninstagram.com&_nc_cat=106&_nc_ohc=37mfShfIzrwAX_wy3DS&edm=ALB854YBAAAA&ccb=7-4&oh=00_AT9Z-jPcnnDpQxCxyGtk45qaDRRFitJn0z-tVi0KXfdDIg&oe=62407BDD&_nc_sid=04cb80,445503017,false,false,https://www.instagram.com/sgchildrensoc/,2022-03-23T02:50:05.045Z
https://www.instagram.com/ntuwsc,ntuwsc,NTU Welfare Services Club,https://scontent-yyz1-1.cdninstagram.com/v/t51.2885-19/14052539_338710063186227_22480313_a.jpg?stp=dst-jpg_s150x150&_nc_ht=scontent-yyz1-1.cdninstagram.com&_nc_cat=103&_nc_ohc=XjpjY72e6N0AX-CEm0r&edm=ALB854YBAAAA&ccb=7-4&oh=00_AT-PRFitwLu-Mrrw-oj02SLXjTkE5iwf09KZ4r697RQTcQ&oe=6241D46C&_nc_sid=04cb80,414225945,false,false,https://www.instagram.com/sgchildrensoc/,2022-03-23T02:50:05.045Z
https://www.instagram.com/socialservicetribe,socialservicetribe,Social Service Tribe,https://scontent-yyz1-1.cdninstagram.com/v/t51.2885-19/80677833_889571408146009_8398846154061643776_n.jpg?stp=dst-jpg_s150x150&_nc_ht=scontent-yyz1-1.cdninstagram.com&_nc_cat=101&_nc_ohc=JF5C0e0niSYAX9ti3iB&edm=ALB854YBAAAA&ccb=7-4&oh=00_AT9AZcQ5JtkOQqVeRrni2xM0V4x6cdSgCJw9Zha9gkZp4Q&oe=62419F2C&_nc_sid=04cb80,28087394703,false,false,https://www.instagram.com/sgchildrensoc/,2022-03-23T02:50:05.045Z
https://www.instagram.com/kindnesssg,kindnesssg,Singapore Kindness Movement,https://scontent-yyz1-1.cdninstagram.com/v/t51.2885-19/65609950_2333398860041873_596068695348871168_n.jpg?stp=dst-jpg_s150x150&_nc_ht=scontent-yyz1-1.cdninstagram.com&_nc_cat=105&_nc_ohc=74V6qSHr4u4AX8TKnpp&edm=ALB854YBAAAA&ccb=7-4&oh=00_AT_nUlUzzXwML7TKvPOhHiLJGLPXrpf6s44YUD_Wkey0Eg&oe=6241A7CE&_nc_sid=04cb80,1486326031,false,false,https://www.instagram.com/sgchildrensoc/,2022-03-23T02:50:05.045Z
https://www.instagram.com/under_mothered,under_mothered,Hope For The Broken//Not Alone,https://scontent-yyz1-1.cdninstagram.com/v/t51.2885-19/58409896_395604551026860_9066859275355160576_n.jpg?stp=dst-jpg_s150x150&_nc_ht=scontent-yyz1-1.cdninstagram.com&_nc_cat=100&_nc_ohc=t-TGPhyVt5kAX_Ugi-M&edm=ALB854YBAAAA&ccb=7-4&oh=00_AT_CQO-5XlOUkGDiQnJLQ3DZfQWcdWebXruCDRt8Z0dtNw&oe=6241F24B&_nc_sid=04cb80,13294084831,false,false,https://www.instagram.com/sgchildrensoc/,2022-03-23T02:50:05.045Z
https://www.instagram.com/ecss_sg,ecss_sg,En Community Services Society,https://scontent-yyz1-1.cdninstagram.com/v/t51.2885-19/89266014_597425947505102_4599488852472627200_n.jpg?stp=dst-jpg_s150x150&_nc_ht=scontent-yyz1-1.cdninstagram.com&_nc_cat=102&_nc_ohc=dQY6QS-RUykAX_TvJT1&edm=ALB854YBAAAA&ccb=7-4&oh=00_AT_01cFJFRfkwDBK8dSrPsSYfp1PUQXPkxECDKCaHD8bzg&oe=6240F6A2&_nc_sid=04cb80,2286011300,false,false,https://www.instagram.com/sgchildrensoc/,2022-03-23T02:50:05.045Z
https://www.instagram.com/moesingapore,moesingapore,Ministry of Education (MOE),https://scontent-yyz1-1.cdninstagram.com/v/t51.2885-19/19625052_235053347003345_1547054938075430912_a.jpg?stp=dst-jpg_s150x150&_nc_ht=scontent-yyz1-1.cdninstagram.com&_nc_cat=105&_nc_ohc=wueNQUa1yZ8AX8yg5b8&edm=ALB854YBAAAA&ccb=7-4&oh=00_AT_uBrVjFXJOLZDmn1LuM6iiv__gNRMzezJinRiMxkbMig&oe=62420DEC&_nc_sid=04cb80,1917601457,false,true,https://www.instagram.com/sgchildrensoc/,2022-03-23T02:50:05.045Z
https://www.instagram.com/scs.bullyfree.sg,scs.bullyfree.sg,Bully-Free@Children‚Äôs Society,https://scontent-yyz1-1.cdninstagram.com/v/t51.2885-19/272166842_519978339209684_8889402567273377526_n.jpg?stp=dst-jpg_s150x150&_nc_ht=scontent-yyz1-1.cdninstagram.com&_nc_cat=108&_nc_ohc=VsbwWL1vgrAAX8qDIy9&edm=ALB854YBAAAA&ccb=7-4&oh=00_AT96XdSHhMY6tDM09gx0aKy-qhD7CsksCo1xkTSCGp8Bvw&oe=62413267&_nc_sid=04cb80,1915307028,false,false,https://www.instagram.com/sgchildrensoc/,2022-03-23T02:50:05.045Z
https://www.instagram.com/youthcorpssg,youthcorpssg,Youth Corps Singapore,https://scontent-yyz1-1.cdninstagram.com/v/t51.2885-19/11095614_646334108834727_1851679495_a.jpg?_nc_ht=scontent-yyz1-1.cdninstagram.com&_nc_cat=103&_nc_ohc=pxvAzJDh5Y4AX8FF2Q0&edm=ALB854YBAAAA&ccb=7-4&oh=00_AT863uDvrD47Z3svOQ2DQ66ZRaiYvpoTsKpMaJM2184OCg&oe=6240D8EA&_nc_sid=04cb80,1360120174,false,true,https://www.instagram.com/sgchildrensoc/,2022-03-23T02:50:05.045Z
https://www.instagram.com/projectdumspirospero,projectdumspirospero,Project Dum Spiro Spero,https://scontent-yyz1-1.cdninstagram.com/v/t51.2885-19/139295517_459153821750776_7027318234793680359_n.jpg?stp=dst-jpg_s150x150&_nc_ht=scontent-yyz1-1.cdninstagram.com&_nc_cat=104&_nc_ohc=eJfNeimaf4IAX8oU0J4&edm=ALB854YBAAAA&ccb=7-4&oh=00_AT8mJFoFQFXy3TTdnHeAmFqnUFj76qiXNdmRbBQ6bXZj-Q&oe=62407D30&_nc_sid=04cb80,45081680837,false,false,https://www.instagram.com/sgchildrensoc/,2022-03-23T02:50:05.045Z
https://www.instagram.com/guidedogs_sg,guidedogs_sg,Guide Dogs Singapore Ltd ü¶Æ,https://scontent-yyz1-1.cdninstagram.com/v/t51.2885-19/144990342_456145842417690_3813167215841802102_n.jpg?stp=dst-jpg_s150x150&_nc_ht=scontent-yyz1-1.cdninstagram.com&_nc_cat=106&_nc_ohc=WYucj1FkR_kAX-s8Mcg&edm=ALB854YBAAAA&ccb=7-4&oh=00_AT-0JbFn03Y2HKeHBYv6FiRMdstjJCg876Mn04N7UTSvCg&oe=6241CE5A&_nc_sid=04cb80,1516729439,false,false,https://www.instagram.com/sgchildrensoc/,2022-03-23T02:50:05.045Z
https://www.instagram.com/giveasia,giveasia,GIVE.asia,https://scontent-yyz1-1.cdninstagram.com/v/t51.2885-19/17495235_1306401739446818_3142181551014412288_a.jpg?stp=dst-jpg_s150x150&_nc_ht=scontent-yyz1-1.cdninstagram.com&_nc_cat=102&_nc_ohc=OP_epOL-eBcAX8OOOqF&edm=ALB854YBAAAA&ccb=7-4&oh=00_AT_fep3bf23Xc_Vky6onXl7iqEUSudjIb3wTWd8zeOXNbg&oe=6241CBE7&_nc_sid=04cb80,1633039182,false,false,https://www.instagram.com/sgchildrensoc/,2022-03-23T02:50:05.045Z
https://www.instagram.com/straits_times,straits_times,The Straits Times,https://scontent-yyz1-1.cdninstagram.com/v/t51.2885-19/121449411_186284403060011_7050302141236612308_n.jpg?stp=dst-jpg_s150x150&_nc_ht=scontent-yyz1-1.cdninstagram.com&_nc_cat=1&_nc_ohc=vkiiCbxe9KIAX_pxQaO&edm=ALB854YBAAAA&ccb=7-4&oh=00_AT8pqlFJzsfo6OTnQVBcFTVukxunvxKnrsfeHAt5Zf0HCA&oe=624084A2&_nc_sid=04cb80,1091214028,false,true,https://www.instagram.com/sgchildrensoc/,2022-03-23T02:50:05.045Z
https://www.instagram.com/thestonedoves,thestonedoves,The Stone Doves,https://scontent-yyz1-1.cdninstagram.com/v/t51.2885-19/121486937_780940049412577_7863280471094787325_n.jpg?stp=dst-jpg_s150x150&_nc_ht=scontent-yyz1-1.cdninstagram.com&_nc_cat=101&_nc_ohc=ub1ppC8LgiAAX8mavPV&edm=ALB854YBAAAA&ccb=7-4&oh=00_AT_CqUMSCKs9MQpiTBZ_RO57NEIAF5xlRSjlxiWnebCPnA&oe=6240C7F6&_nc_sid=04cb80,8923654150,false,false,https://www.instagram.com/sgchildrensoc/,2022-03-23T02:50:05.045Z
https://www.instagram.com/safrasg,safrasg,SAFRA Singapore,https://scontent-yyz1-1.cdninstagram.com/v/t51.2885-19/274874150_516760959880207_7163835135302289364_n.jpg?stp=dst-jpg_s150x150&_nc_ht=scontent-yyz1-1.cdninstagram.com&_nc_cat=107&_nc_ohc=KIHp7_1cmJYAX-diQYE&edm=ALB854YBAAAA&ccb=7-4&oh=00_AT_e4NKdci2k-1ppApHKiXzbOsuT1tqpGkudcMb-b5qhcw&oe=62410E79&_nc_sid=04cb80,387804605,false,true,https://www.instagram.com/sgchildrensoc/,2022-03-23T02:50:05.045Z
https://www.instagram.com/chrysalis_cabin,chrysalis_cabin,Chrysalis CABIN @ CCKSS,https://scontent-yyz1-1.cdninstagram.com/v/t51.2885-19/1171685_1585450638447943_517239833_a.jpg?stp=dst-jpg_s150x150&_nc_ht=scontent-yyz1-1.cdninstagram.com&_nc_cat=107&_nc_ohc=ieSql-x2sE8AX_aDwd4&edm=ALB854YBAAAA&ccb=7-4&oh=00_AT_0oK8riAH6XvvIbs3O2iR6g0A2fiZnwzbV8Ylw6rlkWw&oe=6241ED18&_nc_sid=04cb80,3024709087,false,false,https://www.instagram.com/sgchildrensoc/,2022-03-23T02:50:05.045Z
https://www.instagram.com/casaraudha,casaraudha,Casa Raudha,https://scontent-yyz1-1.cdninstagram.com/v/t51.2885-19/267936524_487302482961228_716533904467854459_n.jpg?stp=dst-jpg_s150x150&_nc_ht=scontent-yyz1-1.cdninstagram.com&_nc_cat=100&_nc_ohc=lwmy0xK9NpYAX-R90j7&edm=ALB854YBAAAA&ccb=7-4&oh=00_AT-QNoDaCV5hfT_bnJhZeterjMDMHjP_YigkrrAzrMwLhg&oe=62414670&_nc_sid=04cb80,25948907043,false,false,https://www.instagram.com/sgchildrensoc/,2022-03-23T02:50:05.045Z
https://www.instagram.com/sgminds,sgminds,MINDS,https://scontent-yyz1-1.cdninstagram.com/v/t51.2885-19/276969388_658504005480742_3198909151045112176_n.jpg?stp=dst-jpg_s150x150&_nc_ht=scontent-yyz1-1.cdninstagram.com&_nc_cat=110&_nc_ohc=87zTqVMdPRAAX_Ma6x2&edm=ALB854YBAAAA&ccb=7-4&oh=00_AT9gOJKant4-HHhGuKKSDh5Ul5mYMDSmyf5BdrJ_JxxQXw&oe=6240A584&_nc_sid=04cb80,1651955108,false,false,https://www.instagram.com/sgchildrensoc/,2022-03-23T02:50:05.045Z
https://www.instagram.com/nebosg,nebosg,nEbO,https://scontent-yyz1-1.cdninstagram.com/v/t51.2885-19/14033694_198033627280814_1258636501_a.jpg?stp=dst-jpg_s150x150&_nc_ht=scontent-yyz1-1.cdninstagram.com&_nc_cat=102&_nc_ohc=LEtffRXllEYAX_X29lg&edm=ALB854YBAAAA&ccb=7-4&oh=00_AT8CH5Sk8UJLs-ag-sl0eP0ibIDMbNiTRCCq8KuapziPFA&oe=6240CA53&_nc_sid=04cb80,1646424155,false,false,https://www.instagram.com/sgchildrensoc/,2022-03-23T02:50:05.045Z
https://www.instagram.com/ncss.sg,ncss.sg,NCSS Singapore,https://scontent-yyz1-1.cdninstagram.com/v/t51.2885-19/144033607_259435428897493_1316261562551900556_n.jpg?stp=dst-jpg_s150x150&_nc_ht=scontent-yyz1-1.cdninstagram.com&_nc_cat=101&_nc_ohc=vS8O1E4Eg50AX9wpgyU&edm=ALB854YBAAAA&ccb=7-4&oh=00_AT9TJxDiHqtiqUBO8RUzhrvHo23Z4r1YvI9xakjokberoA&oe=6240BB96&_nc_sid=04cb80,1754399740,false,true,https://www.instagram.com/sgchildrensoc/,2022-03-23T02:50:05.045Z
https://www.instagram.com/educaid.resources,educaid.resources,EducAid Resources,https://scontent-yyz1-1.cdninstagram.com/v/t51.2885-19/30079355_193388668117803_6956079932535472128_n.jpg?stp=dst-jpg_s150x150&_nc_ht=scontent-yyz1-1.cdninstagram.com&_nc_cat=103&_nc_ohc=ADP1Jc4pEj8AX_RZWdb&edm=ALB854YBAAAA&ccb=7-4&oh=00_AT-Ea0fF26ptUoS1DzuPuDTJH3GjkegpASZPLGk7SlLW3g&oe=6241D9BB&_nc_sid=04cb80,7510921085,false,false,https://www.instagram.com/sgchildrensoc/,2022-03-23T02:50:05.045Z
https://www.instagram.com/talya_and_zerah,talya_and_zerah,Talya & Zerah,https://scontent-yyz1-1.cdninstagram.com/v/t51.2885-19/15877096_1354984221241440_1518664697442729984_a.jpg?stp=dst-jpg_s150x150&_nc_ht=scontent-yyz1-1.cdninstagram.com&_nc_cat=100&_nc_ohc=6WwjazgkqbAAX_pD3GN&edm=ALB854YBAAAA&ccb=7-4&oh=00_AT-HxLAVg34O4kwrvmqBtSJA0bkVxrPUKoSPksVHiF76Gw&oe=6241AFFA&_nc_sid=04cb80,3592134136,false,false,https://www.instagram.com/sgchildrensoc/,2022-03-23T02:50:05.045Z
https://www.instagram.com/mettlechallenge,mettlechallenge,Mettle Challenge,https://scontent-yyz1-1.cdninstagram.com/v/t51.2885-19/52421029_299486000731664_6162663850781966336_n.jpg?stp=dst-jpg_s150x150&_nc_ht=scontent-yyz1-1.cdninstagram.com&_nc_cat=108&_nc_ohc=yd4blh6JRHUAX_GuWdY&edm=ALB854YBAAAA&ccb=7-4&oh=00_AT_bPhKx4mZ7bg_pnfLe8xdRcN1yh0InwmM_RjffXmUOOA&oe=6241BA2E&_nc_sid=04cb80,6317437584,false,false,https://www.instagram.com/sgchildrensoc/,2022-03-23T02:50:05.045Z
https://www.instagram.com/utopia_cabin,utopia_cabin,Project Cabin,https://scontent-yyz1-1.cdninstagram.com/v/t51.2885-19/10607937_455099574640494_660645027_a.jpg?_nc_ht=scontent-yyz1-1.cdninstagram.com&_nc_cat=106&_nc_ohc=IDYVZ3tuuzwAX_Ll_0T&edm=ALB854YBAAAA&ccb=7-4&oh=00_AT_uX7MxJqd6543x2kRazkt-XQ_sIA_JRgaw8sKmLmtfvw&oe=6240CADB&_nc_sid=04cb80,1791820946,false,false,https://www.instagram.com/sgchildrensoc/,2022-03-23T02:50:05.045Z
https://www.instagram.com/deyicabin,deyicabin,Deyi CABIN,https://scontent-yyz1-1.cdninstagram.com/v/t51.2885-19/11049164_1401990143450669_89617161_a.jpg?_nc_ht=scontent-yyz1-1.cdninstagram.com&_nc_cat=105&_nc_ohc=LyMBOo7hR7UAX84_B2o&edm=ALB854YBAAAA&ccb=7-4&oh=00_AT-Hi4DxpJ4lFBRKktk8g_sDzAMR8mmo_dr4Yrr-itXozA&oe=62415A18&_nc_sid=04cb80,1608469403,false,false,https://www.instagram.com/sgchildrensoc/,2022-03-23T02:50:05.045Z
https://www.instagram.com/mccysg,mccysg,MCCY Singapore,https://scontent-yyz1-1.cdninstagram.com/v/t51.2885-19/11849245_1628093600762869_1333015023_a.jpg?_nc_ht=scontent-yyz1-1.cdninstagram.com&_nc_cat=101&_nc_ohc=__9qFl7lH50AX-_xVsC&edm=ALB854YBAAAA&ccb=7-4&oh=00_AT9oPxXi_yY8rSQoTv0CFMCinEcjLDnl_0JHaBqhuMW19Q&oe=62421B19&_nc_sid=04cb80,628103579,false,true,https://www.instagram.com/sgchildrensoc/,2022-03-23T02:50:05.045Z
https://www.instagram.com/nycsg,nycsg,National Youth Council S'pore,https://scontent-yyz1-1.cdninstagram.com/v/t51.2885-19/69889422_482876515892116_5016552145671946240_n.jpg?stp=dst-jpg_s150x150&_nc_ht=scontent-yyz1-1.cdninstagram.com&_nc_cat=104&_nc_ohc=ueEWCIbRcdEAX_F7B41&edm=ALB854YBAAAA&ccb=7-4&oh=00_AT-jOOJOpeD7bbB0ECEiSzbHVHBGFGnSxw07Eqve5aXEzQ&oe=62420A86&_nc_sid=04cb80,180903056,false,true,https://www.instagram.com/sgchildrensoc/,2022-03-23T02:50:05.045Z
https://www.instagram.com/todayonline,todayonline,TODAY,https://scontent-yyz1-1.cdninstagram.com/v/t51.2885-19/124026684_1036513433456090_6628015574769997636_n.jpg?stp=dst-jpg_s150x150&_nc_ht=scontent-yyz1-1.cdninstagram.com&_nc_cat=1&_nc_ohc=EGX3pfs4kXUAX-z1uzi&edm=ALB854YBAAAA&ccb=7-4&oh=00_AT-ZkGgibqP01_BncATj7gheUsEdx5waKD9AELKAp_BfwA&oe=624087E6&_nc_sid=04cb80,199148173,false,true,https://www.instagram.com/sgchildrensoc/,2022-03-23T02:50:05.045Z
https://www.instagram.com/_iamstanz_,_iamstanz_,Stanley Tan,https://scontent-yyz1-1.cdninstagram.com/v/t51.2885-19/244699140_291135079494742_8192659078712632394_n.jpg?stp=dst-jpg_s150x150&_nc_ht=scontent-yyz1-1.cdninstagram.com&_nc_cat=110&_nc_ohc=8MWLuZCLZOkAX9zGfgO&edm=ALB854YBAAAA&ccb=7-4&oh=00_AT-8ohV7-bJ0xDz4xgJPjT_JIQubkiysYhnBCX3wO_TDxg&oe=6240AA06&_nc_sid=04cb80,1930845621,true,false,https://www.instagram.com/sgchildrensoc/,2022-03-23T02:50:30.959Z
https://www.instagram.com/pandadl,pandadl,Deryk | ·ÑÉ·Ö¶·ÑÖ·Öµ·Ü®,https://scontent-yyz1-1.cdninstagram.com/v/t51.2885-19/156345508_914500785989904_7170379495272273282_n.jpg?stp=dst-jpg_s150x150&_nc_ht=scontent-yyz1-1.cdninstagram.com&_nc_cat=100&_nc_ohc=HZ11K6vVNqIAX-9Sgyc&edm=ALB854YBAAAA&ccb=7-4&oh=00_AT_qeRlGigejvqc70pG_XMM01NUg_UBtjoUIDCPiaeZQ5g&oe=62412112&_nc_sid=04cb80,39223755,false,false,https://www.instagram.com/sgchildrensoc/,2022-03-23T02:50:30.959Z
https://www.instagram.com/vox.44cc,vox.44cc,VOX @ Children‚Äôs Society,https://scontent-yyz1-1.cdninstagram.com/v/t51.2885-19/133679077_410986999952710_8017442924617569609_n.jpg?stp=dst-jpg_s150x150&_nc_ht=scontent-yyz1-1.cdninstagram.com&_nc_cat=110&_nc_ohc=ujSrWCt7I9oAX-C4dVD&edm=ALB854YBAAAA&ccb=7-4&oh=00_AT_PUYtWHtpgYhFuiEDLtYZoDQoVZXMQDi9eAoiO9OpT_A&oe=6240BEEC&_nc_sid=04cb80,1834768088,false,false,https://www.instagram.com/sgchildrensoc/,2022-03-23T02:50:30.959Z
https://www.instagram.com/jremytay,jremytay,J to the Remy,https://scontent-yyz1-1.cdninstagram.com/v/t51.2885-19/271288059_249543197170009_5113150383435718987_n.jpg?stp=dst-jpg_s150x150&_nc_ht=scontent-yyz1-1.cdninstagram.com&_nc_cat=101&_nc_ohc=N4e8Mppvfc8AX8gm2N0&edm=ALB854YBAAAA&ccb=7-4&oh=00_AT97hhjELmU7e2FkYV0Y3ps4pcDcmc9cmcGVYpSeYgsh-g&oe=6241E42B&_nc_sid=04cb80,194190647,true,false,https://www.instagram.com/sgchildrensoc/,2022-03-23T02:50:30.959Z
https://www.instagram.com/erviano__,erviano__,Ervin Lim,https://scontent-yyz1-1.cdninstagram.com/v/t51.2885-19/67491268_2325811797747950_9004265547264688128_n.jpg?stp=dst-jpg_s150x150&_nc_ht=scontent-yyz1-1.cdninstagram.com&_nc_cat=102&_nc_ohc=mLGYP8CuIIcAX-pRcsg&edm=ALB854YBAAAA&ccb=7-4&oh=00_AT_cFzdi7CZH2YFAh4uJ5QNJmHcR1o9FdVvBB361M4Kngw&oe=624194CB&_nc_sid=04cb80,453618877,false,false,https://www.instagram.com/sgchildrensoc/,2022-03-23T02:50:30.959Z
https://www.instagram.com/leonardsim,leonardsim,Leonard Sim,https://scontent-yyz1-1.cdninstagram.com/v/t51.2885-19/269708176_4915860895114501_7942862518930570998_n.jpg?stp=dst-jpg_s150x150&_nc_ht=scontent-yyz1-1.cdninstagram.com&_nc_cat=101&_nc_ohc=SPRbaZPPMJUAX-rt3ez&edm=ALB854YBAAAA&ccb=7-4&oh=00_AT_bfMXJXBNfSseM1XTNaCX0-R4YVmgyhJhb1gnFkqGbmg&oe=6241CE42&_nc_sid=04cb80,304714890,false,false,https://www.instagram.com/sgchildrensoc/,2022-03-23T02:50:30.959Z
https://www.instagram.com/roundboxcentre,roundboxcentre,RoundBox @ Children's Society,https://scontent-yyz1-1.cdninstagram.com/v/t51.2885-19/15276538_1802836233262646_2601845137277452288_a.jpg?stp=dst-jpg_s150x150&_nc_ht=scontent-yyz1-1.cdninstagram.com&_nc_cat=102&_nc_ohc=TdhwbhoXFbQAX8SNLza&edm=ALB854YBAAAA&ccb=7-4&oh=00_AT_bP4ydQxrSqExd-OPLpmZS8hKXMb-dJMgLCByTOejUAg&oe=6241FB4B&_nc_sid=04cb80,1309109480,false,false,https://www.instagram.com/sgchildrensoc/,2022-03-23T02:50:30.959Z
https://www.instagram.com/missdawnut,missdawnut,Dawnut,https://scontent-yyz1-1.cdninstagram.com/v/t51.2885-19/94432895_646437622870813_950134194229477376_n.jpg?stp=dst-jpg_s150x150&_nc_ht=scontent-yyz1-1.cdninstagram.com&_nc_cat=101&_nc_ohc=BKLkMMOUxbkAX_6cEOP&edm=ALB854YBAAAA&ccb=7-4&oh=00_AT8GWiwsuyDeccNni7A9OJy-86PlEdXb2QGLjumKkhKmdw&oe=6240D2E4&_nc_sid=04cb80,313858422,false,false,https://www.instagram.com/sgchildrensoc/,2022-03-23T02:50:30.959Z
https://www.instagram.com/radinmas_youthnetwork,radinmas_youthnetwork,Radin Mas Youth Network,https://scontent-yyz1-1.cdninstagram.com/v/t51.2885-19/89382543_3256658891141489_4652423761755111424_n.jpg?stp=dst-jpg_s150x150&_nc_ht=scontent-yyz1-1.cdninstagram.com&_nc_cat=105&_nc_ohc=EbiJXN0jTVQAX_tC-Nx&edm=ALB854YBAAAA&ccb=7-4&oh=00_AT8XB4YzaM_tY1JM3uQDtD2CEZuOjdKyrZdOjSEgCWo-Og&oe=62424FA5&_nc_sid=04cb80,11103702793,false,false,https://www.instagram.com/sgchildrensoc/,2022-03-23T02:50:30.959Z
https://www.instagram.com/den_at_jyc,den_at_jyc,DEN at JYC,https://scontent-yyz1-1.cdninstagram.com/v/t51.2885-19/12424376_1038502532875485_1091583348_a.jpg?stp=dst-jpg_s150x150&_nc_ht=scontent-yyz1-1.cdninstagram.com&_nc_cat=109&_nc_ohc=2YCgdhBS1AgAX_vXIrX&edm=ALB854YBAAAA&ccb=7-4&oh=00_AT_OqDp_TATCmi1aWoDVV59ioHxjmlj0DSmk83lwwbTFyw&oe=624201C6&_nc_sid=04cb80,2319948272,true,false,https://www.instagram.com/sgchildrensoc/,2022-03-23T02:50:30.959Z
https://www.instagram.com/thefort.scs,thefort.scs,The Fort @ Children's Society,https://scontent-yyz1-1.cdninstagram.com/v/t51.2885-19/37814699_278426352934981_1429413202562646016_n.jpg?stp=dst-jpg_s150x150&_nc_ht=scontent-yyz1-1.cdninstagram.com&_nc_cat=101&_nc_ohc=If2glUv_hpwAX_z9xS-&edm=ALB854YBAAAA&ccb=7-4&oh=00_AT-ncKc6lflfx8xAN6T--PXBLLfw5p6Kosbhb_Fn8ZsnaQ&oe=6241D49B&_nc_sid=04cb80,4889931793,false,false,https://www.instagram.com/sgchildrensoc/,2022-03-23T02:50:30.959Z
https://www.instagram.com/mjrcabin,mjrcabin,MJRCABIN,https://scontent-yyz1-1.cdninstagram.com/v/t51.2885-19/11324517_1637839856456831_222463816_a.jpg?_nc_ht=scontent-yyz1-1.cdninstagram.com&_nc_cat=111&_nc_ohc=sMyD35W0ObcAX836ucf&edm=ALB854YBAAAA&ccb=7-4&oh=00_AT-c9_H6Hpsix8xcotIgjmuW_pI8UcBpbEX_dZ4bnCCrjg&oe=62419523&_nc_sid=04cb80,1239293330,true,false,https://www.instagram.com/sgchildrensoc/,2022-03-23T02:50:30.959Z
https://www.instagram.com/cheekiemonkies,cheekiemonkies,Cheekiemonkies,https://scontent-yyz1-1.cdninstagram.com/v/t51.2885-19/72257106_3186429764763820_5215918566137659392_n.jpg?stp=dst-jpg_s150x150&_nc_ht=scontent-yyz1-1.cdninstagram.com&_nc_cat=104&_nc_ohc=9oXwS6CuYn0AX_ivrBz&edm=ALB854YBAAAA&ccb=7-4&oh=00_AT8fwqfiwG6T6z9IAwDJfxoB9bLtrBiTop2jo_3Eb4iJ5w&oe=6240CA29&_nc_sid=04cb80,55141583,false,false,https://www.instagram.com/sgchildrensoc/,2022-03-23T02:50:30.959Z
https://www.instagram.com/sengkangbabies,sengkangbabies,Andy Lee,https://scontent-yyz1-1.cdninstagram.com/v/t51.2885-19/11372306_1695350550687781_144851002_a.jpg?_nc_ht=scontent-yyz1-1.cdninstagram.com&_nc_cat=101&_nc_ohc=qYYhkGtHSxMAX_xg55z&edm=ALB854YBAAAA&ccb=7-4&oh=00_AT_xum2f-43DC6L8FwXhm5HWZ0CEmErHwpuaoou_ZNfmzQ&oe=62421285&_nc_sid=04cb80,31768160,false,false,https://www.instagram.com/sgchildrensoc/,2022-03-23T02:50:30.959Z
https://www.instagram.com/erc_institute,erc_institute,ERC Institute,https://scontent-yyz1-1.cdninstagram.com/v/t51.2885-19/148361453_270585551128065_5550002417351431801_n.jpg?_nc_ht=scontent-yyz1-1.cdninstagram.com&_nc_cat=109&_nc_ohc=Cln7d_11jRoAX_ICVu1&edm=ALB854YBAAAA&ccb=7-4&oh=00_AT8zlGYI0-LCJb7bbN_nHXs9Brwu1TUdmj2hxvNQ3asg9w&oe=62423854&_nc_sid=04cb80,1373247816,false,false,https://www.instagram.com/sgchildrensoc/,2022-03-23T02:50:30.959Z
https://www.instagram.com/jyc_at_scs,jyc_at_scs,GIG@JYC,https://scontent-yyz1-1.cdninstagram.com/v/t51.2885-19/13658813_317189781951159_714312218_a.jpg?stp=dst-jpg_s150x150&_nc_ht=scontent-yyz1-1.cdninstagram.com&_nc_cat=103&_nc_ohc=B5iGZR6AslEAX83y0ZI&edm=ALB854YBAAAA&ccb=7-4&oh=00_AT_WSHZXhYBC-XVL8vPTRfKCE8jS52q7hGv-GHvEtfgkwQ&oe=6240C09E&_nc_sid=04cb80,1589778354,false,false,https://www.instagram.com/sgchildrensoc/,2022-03-23T02:50:30.959Z
https://www.instagram.com/sgcancersociety,sgcancersociety,Singapore Cancer Society,https://scontent-yyz1-1.cdninstagram.com/v/t51.2885-19/14128852_157614188012193_1663792545_a.jpg?stp=dst-jpg_s150x150&_nc_ht=scontent-yyz1-1.cdninstagram.com&_nc_cat=109&_nc_ohc=VJ0O78gRLgwAX_NFjc9&edm=ALB854YBAAAA&ccb=7-4&oh=00_AT-R0psfXEeEkEqBhVELJ5XNAWmE53FIJ4XsPMb8v9bUwg&oe=6240FFB2&_nc_sid=04cb80,585525654,false,true,https://www.instagram.com/sgchildrensoc/,2022-03-23T02:50:30.959Z
https://www.instagram.com/welovefunfit,welovefunfit,FUNFIT,https://scontent-yyz1-1.cdninstagram.com/v/t51.2885-19/271184975_1708562216006098_1181697582719546010_n.jpg?stp=dst-jpg_s150x150&_nc_ht=scontent-yyz1-1.cdninstagram.com&_nc_cat=110&_nc_ohc=Rk5Femn9UiYAX92iBfM&edm=ALB854YBAAAA&ccb=7-4&oh=00_AT-8N7RaFfm8QHCsBukiDsMwj9__Tvr_pBuu5Y7YcWmZRQ&oe=6241FBC7&_nc_sid=04cb80,297349834,false,false,https://www.instagram.com/sgchildrensoc/,2022-03-23T02:50:30.959Z
https://www.instagram.com/spdsingapore,spdsingapore,SPD,https://scontent-yyz1-1.cdninstagram.com/v/t51.2885-19/252059298_3051660395072808_4594225689150622949_n.jpg?stp=dst-jpg_s150x150&_nc_ht=scontent-yyz1-1.cdninstagram.com&_nc_cat=100&_nc_ohc=V6krsBAj8nwAX-Qr037&edm=ALB854YBAAAA&ccb=7-4&oh=00_AT8kuWtE8rLNCVmD5Y3rNT2d_U-uDF5_c4q0E20yueFUAg&oe=6240EC7B&_nc_sid=04cb80,1599784403,false,false,https://www.instagram.com/sgchildrensoc/,2022-03-23T02:50:30.959Z
https://www.instagram.com/singaporecares,singaporecares,SG Cares,https://scontent-yyz1-1.cdninstagram.com/v/t51.2885-19/23498764_151079798957057_523962340547231744_n.jpg?stp=dst-jpg_s150x150&_nc_ht=scontent-yyz1-1.cdninstagram.com&_nc_cat=105&_nc_ohc=8wt_ivEQXx0AX9sQBRf&edm=ALB854YBAAAA&ccb=7-4&oh=00_AT8MjWjkA6eZMpONGELUkZyno2EwWFNVnCOT_yp_lVA-hA&oe=6240F412&_nc_sid=04cb80,5509320042,false,false,https://www.instagram.com/sgchildrensoc/,2022-03-23T02:50:30.959Z
https://www.instagram.com/evdanceofficial,evdanceofficial,EV Dance,https://scontent-yyz1-1.cdninstagram.com/v/t51.2885-19/17661831_197077744123411_7135735854726643712_a.jpg?stp=dst-jpg_s150x150&_nc_ht=scontent-yyz1-1.cdninstagram.com&_nc_cat=107&_nc_ohc=MmEi1T0l23YAX9-Qx3n&edm=ALB854YBAAAA&ccb=7-4&oh=00_AT8S_H4xd7givsUM0hsRQPYgMagUyHW-dlSqapZ_VqGNsQ&oe=6240FC33&_nc_sid=04cb80,962785815,false,false,https://www.instagram.com/sgchildrensoc/,2022-03-23T02:50:30.959Z
https://www.instagram.com/cityofgoodsg,cityofgoodsg,NVPC - Towards a City of Good,https://scontent-yyz1-1.cdninstagram.com/v/t51.2885-19/72396912_1218156345038737_215326699326275584_n.jpg?stp=dst-jpg_s150x150&_nc_ht=scontent-yyz1-1.cdninstagram.com&_nc_cat=101&_nc_ohc=QwdhDJoC7mEAX_RWjZk&edm=ALB854YBAAAA&ccb=7-4&oh=00_AT_yXibMfxnt6qsE5Fp6wY1eacgFCv3oV6L3Y58XDlw8nQ&oe=6240F340&_nc_sid=04cb80,22431215376,false,true,https://www.instagram.com/sgchildrensoc/,2022-03-23T02:50:30.959Z
https://www.instagram.com/sgpools,sgpools,Singapore Pools,https://scontent-yyz1-1.cdninstagram.com/v/t51.2885-19/928846_1709968022564546_111811234_a.jpg?_nc_ht=scontent-yyz1-1.cdninstagram.com&_nc_cat=102&_nc_ohc=pM2d0j3fNCkAX-RB03A&edm=ALB854YBAAAA&ccb=7-4&oh=00_AT8imcsb-X5ZTMg91kNWWDv-YU9FKqVWRKyg4xKJueIN5A&oe=62421599&_nc_sid=04cb80,1314874334,false,false,https://www.instagram.com/sgchildrensoc/,2022-03-23T02:50:30.959Z
https://www.instagram.com/theasianparent,theasianparent,theAsianparent,https://scontent-yyz1-1.cdninstagram.com/v/t51.2885-19/131602790_510784306549591_1362790899927654354_n.jpg?stp=dst-jpg_s150x150&_nc_ht=scontent-yyz1-1.cdninstagram.com&_nc_cat=107&_nc_ohc=e-cMIK6-5NEAX_FoZBn&edm=ALB854YBAAAA&ccb=7-4&oh=00_AT9MpoJIIW7P-_GtPO4QdI0a7ADRAfVhIkLbfqh5UbgrXw&oe=624257DB&_nc_sid=04cb80,948316002,false,true,https://www.instagram.com/sgchildrensoc/,2022-03-23T02:50:30.959Z
https://www.instagram.com/invisiblefriends_io,invisiblefriends_io,Invisible Friends,https://scontent-yyz1-1.cdninstagram.com/v/t51.2885-19/270990852_2077686095722256_2863002539497988538_n.jpg?stp=dst-jpg_s150x150&_nc_ht=scontent-yyz1-1.cdninstagram.com&_nc_cat=1&_nc_ohc=Flg1H62UJLcAX9LmQCk&edm=ALB854YBAAAA&ccb=7-4&oh=00_AT8QbpPUUIfWm3FdtpyW2_PQlGK72595wWP-NLHv43qvgw&oe=62425E83&_nc_sid=04cb80,51016046033,false,true,https://www.instagram.com/sgchildrensoc/,2022-03-23T02:50:30.959Z
https://www.instagram.com/comchestsg,comchestsg,Community Chest Singapore,https://scontent-yyz1-1.cdninstagram.com/v/t51.2885-19/13408922_1735131116749205_947707769_a.jpg?stp=dst-jpg_s150x150&_nc_ht=scontent-yyz1-1.cdninstagram.com&_nc_cat=105&_nc_ohc=YGhSUEohtSEAX_6nRhD&edm=ALB854YBAAAA&ccb=7-4&oh=00_AT-GYWBbkkT0eqsc2x7qrLWaEcUR5qzZ8KzCOADwlHl42g&oe=6240819B&_nc_sid=04cb80,1342191405,false,true,https://www.instagram.com/sgchildrensoc/,2022-03-23T02:50:30.959Z
https://www.instagram.com/superheromesg,superheromesg,Superhero Me,https://scontent-yyz1-1.cdninstagram.com/v/t51.2885-19/263599863_299729045379868_7863704856584666398_n.jpg?stp=dst-jpg_s150x150&_nc_ht=scontent-yyz1-1.cdninstagram.com&_nc_cat=104&_nc_ohc=oG-7Mw6HaNIAX_7_kkW&edm=ALB854YBAAAA&ccb=7-4&oh=00_AT806C1EiKLBsuWtOiJJXJvZL9GLai25tEQZKSAeGgFJbg&oe=62427319&_nc_sid=04cb80,1459324429,false,false,https://www.instagram.com/sgchildrensoc/,2022-03-23T02:50:30.959Z
https://www.instagram.com/littlemagsg,littlemagsg,little magazine,https://scontent-yyz1-1.cdninstagram.com/v/t51.2885-19/85184470_574817536437477_4859327244234915840_n.jpg?stp=dst-jpg_s150x150&_nc_ht=scontent-yyz1-1.cdninstagram.com&_nc_cat=109&_nc_ohc=5uQjq5qz44gAX8zsKs_&edm=ALB854YBAAAA&ccb=7-4&oh=00_AT-FjcVYORiMb_lzmXwWrjzuher1BXXvyB5ThwNV9S1iwg&oe=62418405&_nc_sid=04cb80,495414988,false,false,https://www.instagram.com/sgchildrensoc/,2022-03-23T02:50:30.959Z
https://www.instagram.com/epeakeventsolutions,epeakeventsolutions,EPeak Event Solutions ¬©Ô∏è ¬ÆÔ∏è,https://scontent-yyz1-1.cdninstagram.com/v/t51.2885-19/14549890_695196847311642_3305283930512424960_a.jpg?stp=dst-jpg_s150x150&_nc_ht=scontent-yyz1-1.cdninstagram.com&_nc_cat=106&_nc_ohc=9tYUYhbeSJQAX_nIrZx&edm=ALB854YBAAAA&ccb=7-4&oh=00_AT-IAtz90Q-aziB1QOTa4JB7tutYVEPua2JnkFNaI8UEQg&oe=6241002F&_nc_sid=04cb80,3632039516,false,false,https://www.instagram.com/sgchildrensoc/,2022-03-23T02:50:30.959Z
https://www.instagram.com/betterinternetsg,betterinternetsg,betterinternetsg,https://scontent-yyz1-1.cdninstagram.com/v/t51.2885-19/35369065_175965486430781_3564951683224043520_n.jpg?stp=dst-jpg_s150x150&_nc_ht=scontent-yyz1-1.cdninstagram.com&_nc_cat=105&_nc_ohc=rE6SrQjDyvwAX8G6Er0&edm=ALB854YBAAAA&ccb=7-4&oh=00_AT86Kej-DC9isz9n3cRv_dPjEuGtozTwy-QyOxrPYuCw8Q&oe=6240E9ED&_nc_sid=04cb80,2447649968,false,true,https://www.instagram.com/sgchildrensoc/,2022-03-23T02:50:30.959Z
https://www.instagram.com/socialservicesgconnect,socialservicesgconnect,Social Service SG-Connect,https://scontent-yyz1-1.cdninstagram.com/v/t51.2885-19/123141101_386275245832847_3030462275016424188_n.jpg?stp=dst-jpg_s150x150&_nc_ht=scontent-yyz1-1.cdninstagram.com&_nc_cat=111&_nc_ohc=mjMr1V_OJHcAX8NQNCT&edm=ALB854YBAAAA&ccb=7-4&oh=00_AT_g1UE618mpS7UBMjJBDxR0OFXfGNTmxjb83ZYviscqVQ&oe=624207FE&_nc_sid=04cb80,6459409828,false,false,https://www.instagram.com/sgchildrensoc/,2022-03-23T02:50:30.959Z
https://www.instagram.com/baeyyamkeng,baeyyamkeng,Baey Yam Keng  È©¨ÁÇéÂ∫Ü,https://scontent-yyz1-1.cdninstagram.com/v/t51.2885-19/265550670_1051585758971317_5483240639989391778_n.jpg?stp=dst-jpg_s150x150&_nc_ht=scontent-yyz1-1.cdninstagram.com&_nc_cat=101&_nc_ohc=jr2hEC4XAZgAX_J9zZE&edm=ALB854YBAAAA&ccb=7-4&oh=00_AT-et2hmamkq9rbgCbHmbYSHLPuZUcaA-MAZ0GcoB7db-w&oe=62411626&_nc_sid=04cb80,273114450,false,true,https://www.instagram.com/sgchildrensoc/,2022-03-23T02:50:30.959Z
https://www.instagram.com/jycgig_photography,jycgig_photography,Jurong Youth Centre,https://scontent-yyz1-1.cdninstagram.com/v/t51.2885-19/13398945_281291255554898_1876087105_a.jpg?stp=dst-jpg_s150x150&_nc_ht=scontent-yyz1-1.cdninstagram.com&_nc_cat=102&_nc_ohc=nYIN-JwuKwAAX_8k5F2&edm=ALB854YBAAAA&ccb=7-4&oh=00_AT-GqBYG-f7A_DVu-dcieFwWvIWNJUiF9ukA5-o8rCw5Yg&oe=62425600&_nc_sid=04cb80,3422963810,true,false,https://www.instagram.com/sgchildrensoc/,2022-03-23T02:50:30.959Z
https://www.instagram.com/littledayout,littledayout,Little Day Out,https://scontent-yyz1-1.cdninstagram.com/v/t51.2885-19/118615273_316124799836228_8672200037469879626_n.jpg?stp=dst-jpg_s150x150&_nc_ht=scontent-yyz1-1.cdninstagram.com&_nc_cat=108&_nc_ohc=OGr1Dq0SNT0AX-jvpLN&edm=ALB854YBAAAA&ccb=7-4&oh=00_AT_zKfeobmNDJcMbGFG7E9GP9mV7BredDzvILnVJt8JjrA&oe=62417071&_nc_sid=04cb80,481602848,false,false,https://www.instagram.com/sgchildrensoc/,2022-03-23T02:50:30.959Z
https://www.instagram.com/channelnewsasia,channelnewsasia,CNA,https://scontent-yyz1-1.cdninstagram.com/v/t51.2885-19/57024175_430669177710250_4966834725239914496_n.jpg?stp=dst-jpg_s150x150&_nc_ht=scontent-yyz1-1.cdninstagram.com&_nc_cat=1&_nc_ohc=o7fEutQOx9wAX_eW17i&edm=ALB854YBAAAA&ccb=7-4&oh=00_AT9h8aSttlV553qugCHcXeRAQSfyznRLuxqx-ZwBo0ypoQ&oe=6241BAE9&_nc_sid=04cb80,207567201,false,true,https://www.instagram.com/sgchildrensoc/,2022-03-23T02:50:30.959Z
https://www.instagram.com/scapesg,scapesg,*SCAPE,https://scontent-yyz1-1.cdninstagram.com/v/t51.2885-19/83336469_2877472375637898_3381455540579205120_n.jpg?stp=dst-jpg_s150x150&_nc_ht=scontent-yyz1-1.cdninstagram.com&_nc_cat=106&_nc_ohc=ic-s4OjRcZIAX_ZArSw&edm=ALB854YBAAAA&ccb=7-4&oh=00_AT9G2QN4qmvHKbvF89Ramf0RxvqOqd_6kE0J-7lXCPQswg&oe=62410464&_nc_sid=04cb80,248522344,false,false,https://www.instagram.com/sgchildrensoc/,2022-03-23T02:50:30.959Z
https://www.instagram.com/our_sg,our_sg,Our SG,https://scontent-yyz1-1.cdninstagram.com/v/t51.2885-19/12393610_810786792364998_2140057957_a.jpg?stp=dst-jpg_s150x150&_nc_ht=scontent-yyz1-1.cdninstagram.com&_nc_cat=106&_nc_ohc=37mfShfIzrwAX9Djt8L&edm=ALB854YBAAAA&ccb=7-4&oh=00_AT-BNreiPkOyOMRSJKASOoW7C2_KdjnwlnWN5i7OcDkFRg&oe=62407BDD&_nc_sid=04cb80,445503017,false,false,https://www.instagram.com/sgchildrensoc/,2022-03-23T02:50:30.959Z
https://www.instagram.com/ntuwsc,ntuwsc,NTU Welfare Services Club,https://scontent-yyz1-1.cdninstagram.com/v/t51.2885-19/14052539_338710063186227_22480313_a.jpg?stp=dst-jpg_s150x150&_nc_ht=scontent-yyz1-1.cdninstagram.com&_nc_cat=103&_nc_ohc=XjpjY72e6N0AX-aCltr&edm=ALB854YBAAAA&ccb=7-4&oh=00_AT9q8YPJIzeFqL2sKu7EyWPtlSRYMwk3gjdDAXWLLAaR4A&oe=6241D46C&_nc_sid=04cb80,414225945,false,false,https://www.instagram.com/sgchildrensoc/,2022-03-23T02:50:30.959Z
https://www.instagram.com/socialservicetribe,socialservicetribe,Social Service Tribe,https://scontent-yyz1-1.cdninstagram.com/v/t51.2885-19/80677833_889571408146009_8398846154061643776_n.jpg?stp=dst-jpg_s150x150&_nc_ht=scontent-yyz1-1.cdninstagram.com&_nc_cat=101&_nc_ohc=JF5C0e0niSYAX_ilZ3G&edm=ALB854YBAAAA&ccb=7-4&oh=00_AT-Y-ePikN4ev8esibC1IXsct2OFhF_aezMxh5Y5DA00ZA&oe=62419F2C&_nc_sid=04cb80,28087394703,false,false,https://www.instagram.com/sgchildrensoc/,2022-03-23T02:50:30.959Z
https://www.instagram.com/kindnesssg,kindnesssg,Singapore Kindness Movement,https://scontent-yyz1-1.cdninstagram.com/v/t51.2885-19/65609950_2333398860041873_596068695348871168_n.jpg?stp=dst-jpg_s150x150&_nc_ht=scontent-yyz1-1.cdninstagram.com&_nc_cat=105&_nc_ohc=74V6qSHr4u4AX8CadaK&edm=ALB854YBAAAA&ccb=7-4&oh=00_AT8Eak_mC7E5YQk2M5JiODinEXy-1W5O-QennryakQ8yVA&oe=6241A7CE&_nc_sid=04cb80,1486326031,false,false,https://www.instagram.com/sgchildrensoc/,2022-03-23T02:50:30.959Z
https://www.instagram.com/under_mothered,under_mothered,Hope For The Broken//Not Alone,https://scontent-yyz1-1.cdninstagram.com/v/t51.2885-19/58409896_395604551026860_9066859275355160576_n.jpg?stp=dst-jpg_s150x150&_nc_ht=scontent-yyz1-1.cdninstagram.com&_nc_cat=100&_nc_ohc=t-TGPhyVt5kAX_wFYfG&edm=ALB854YBAAAA&ccb=7-4&oh=00_AT_xULKUzBfvTBorwAckMre8OlH8Vj-fyve8Hr08TErbcA&oe=6241F24B&_nc_sid=04cb80,13294084831,false,false,https://www.instagram.com/sgchildrensoc/,2022-03-23T02:50:30.959Z
https://www.instagram.com/ecss_sg,ecss_sg,En Community Services Society,https://scontent-yyz1-1.cdninstagram.com/v/t51.2885-19/89266014_597425947505102_4599488852472627200_n.jpg?stp=dst-jpg_s150x150&_nc_ht=scontent-yyz1-1.cdninstagram.com&_nc_cat=102&_nc_ohc=dQY6QS-RUykAX8T9siy&edm=ALB854YBAAAA&ccb=7-4&oh=00_AT84BUISSywLfwA20cuY9LJ0u2Fq98kTnVOepn1CeXzYJg&oe=6240F6A2&_nc_sid=04cb80,2286011300,false,false,https://www.instagram.com/sgchildrensoc/,2022-03-23T02:50:30.959Z
https://www.instagram.com/moesingapore,moesingapore,Ministry of Education (MOE),https://scontent-yyz1-1.cdninstagram.com/v/t51.2885-19/19625052_235053347003345_1547054938075430912_a.jpg?stp=dst-jpg_s150x150&_nc_ht=scontent-yyz1-1.cdninstagram.com&_nc_cat=105&_nc_ohc=wueNQUa1yZ8AX99SxqK&edm=ALB854YBAAAA&ccb=7-4&oh=00_AT_n5CrUi5H6hIprNm02MNXfuv-N7n1M127ooUvxgv4Pfg&oe=62420DEC&_nc_sid=04cb80,1917601457,false,true,https://www.instagram.com/sgchildrensoc/,2022-03-23T02:50:30.959Z
https://www.instagram.com/scs.bullyfree.sg,scs.bullyfree.sg,Bully-Free@Children‚Äôs Society,https://scontent-yyz1-1.cdninstagram.com/v/t51.2885-19/272166842_519978339209684_8889402567273377526_n.jpg?stp=dst-jpg_s150x150&_nc_ht=scontent-yyz1-1.cdninstagram.com&_nc_cat=108&_nc_ohc=VsbwWL1vgrAAX_YO_Er&edm=ALB854YBAAAA&ccb=7-4&oh=00_AT97_MYL2H7cOEAMevygBBIWHF8to2JeZgchNy9n1E8XUw&oe=62413267&_nc_sid=04cb80,1915307028,false,false,https://www.instagram.com/sgchildrensoc/,2022-03-23T02:50:30.959Z
https://www.instagram.com/sgchildrensforum,sgchildrensforum,Singapore Children‚Äôs Forum SCF,https://scontent-yyz1-1.cdninstagram.com/v/t51.2885-19/204214121_208337357814790_3936910567260939396_n.jpg?stp=dst-jpg_s150x150&_nc_ht=scontent-yyz1-1.cdninstagram.com&_nc_cat=110&_nc_ohc=Gv-mgGInSfcAX_zPH0y&edm=ALB854YBAAAA&ccb=7-4&oh=00_AT-Qc5KS5ZVsdmUNTr1K5-rSQ_EgLGrFwbXI-a3qJa3Z4Q&oe=624093A3&_nc_sid=04cb80,48494841168,false,false,https://www.instagram.com/sgchildrensoc/,2022-03-23T02:50:30.959Z
https://www.instagram.com/youthcorpssg,youthcorpssg,Youth Corps Singapore,https://scontent-yyz1-1.cdninstagram.com/v/t51.2885-19/11095614_646334108834727_1851679495_a.jpg?_nc_ht=scontent-yyz1-1.cdninstagram.com&_nc_cat=103&_nc_ohc=pxvAzJDh5Y4AX-6SyDC&edm=ALB854YBAAAA&ccb=7-4&oh=00_AT9FHgu7Y9i8WCj7o7iMSUaB9OasLviSw8NWQ9acgVJxkw&oe=6240D8EA&_nc_sid=04cb80,1360120174,false,true,https://www.instagram.com/sgchildrensoc/,2022-03-23T02:50:30.959Z
https://www.instagram.com/projectdumspirospero,projectdumspirospero,Project Dum Spiro Spero,https://scontent-yyz1-1.cdninstagram.com/v/t51.2885-19/139295517_459153821750776_7027318234793680359_n.jpg?stp=dst-jpg_s150x150&_nc_ht=scontent-yyz1-1.cdninstagram.com&_nc_cat=104&_nc_ohc=eJfNeimaf4IAX_SGIOS&edm=ALB854YBAAAA&ccb=7-4&oh=00_AT8IICQ3itzs7p0kHJD_9GYdTL8BTKzw0QYioVA31z4h6A&oe=62407D30&_nc_sid=04cb80,45081680837,false,false,https://www.instagram.com/sgchildrensoc/,2022-03-23T02:50:30.959Z
https://www.instagram.com/guidedogs_sg,guidedogs_sg,Guide Dogs Singapore Ltd ü¶Æ,https://scontent-yyz1-1.cdninstagram.com/v/t51.2885-19/144990342_456145842417690_3813167215841802102_n.jpg?stp=dst-jpg_s150x150&_nc_ht=scontent-yyz1-1.cdninstagram.com&_nc_cat=106&_nc_ohc=WYucj1FkR_kAX9Fw_p2&edm=ALB854YBAAAA&ccb=7-4&oh=00_AT9aiARQdzUqifYVuc58aOMz_4TbRYUCIgrJe67Y3v9kNg&oe=6241CE5A&_nc_sid=04cb80,1516729439,false,false,https://www.instagram.com/sgchildrensoc/,2022-03-23T02:50:30.959Z
https://www.instagram.com/giveasia,giveasia,GIVE.asia,https://scontent-yyz1-1.cdninstagram.com/v/t51.2885-19/17495235_1306401739446818_3142181551014412288_a.jpg?stp=dst-jpg_s150x150&_nc_ht=scontent-yyz1-1.cdninstagram.com&_nc_cat=102&_nc_ohc=OP_epOL-eBcAX9CSf2m&edm=ALB854YBAAAA&ccb=7-4&oh=00_AT-OJNBDVCvCeweKp7M97msqBpGa3zDj7DjaoFniSjPqUg&oe=6241CBE7&_nc_sid=04cb80,1633039182,false,false,https://www.instagram.com/sgchildrensoc/,2022-03-23T02:50:30.959Z
https://www.instagram.com/straits_times,straits_times,The Straits Times,https://scontent-yyz1-1.cdninstagram.com/v/t51.2885-19/121449411_186284403060011_7050302141236612308_n.jpg?stp=dst-jpg_s150x150&_nc_ht=scontent-yyz1-1.cdninstagram.com&_nc_cat=1&_nc_ohc=vkiiCbxe9KIAX-1U9eL&edm=ALB854YBAAAA&ccb=7-4&oh=00_AT9qUfT0gv5hG5sS6xu_g-WmO9USTapBrV7hhghyQllfTg&oe=624084A2&_nc_sid=04cb80,1091214028,false,true,https://www.instagram.com/sgchildrensoc/,2022-03-23T02:50:30.959Z
https://www.instagram.com/thestonedoves,thestonedoves,The Stone Doves,https://scontent-yyz1-1.cdninstagram.com/v/t51.2885-19/121486937_780940049412577_7863280471094787325_n.jpg?stp=dst-jpg_s150x150&_nc_ht=scontent-yyz1-1.cdninstagram.com&_nc_cat=101&_nc_ohc=ub1ppC8LgiAAX_c9LT-&edm=ALB854YBAAAA&ccb=7-4&oh=00_AT8xel-yEyJxEC0TMa-5dfgTfs06H_tD48EJWuH4oG8WNw&oe=6240C7F6&_nc_sid=04cb80,8923654150,false,false,https://www.instagram.com/sgchildrensoc/,2022-03-23T02:50:30.959Z
https://www.instagram.com/safrasg,safrasg,SAFRA Singapore,https://scontent-yyz1-1.cdninstagram.com/v/t51.2885-19/274874150_516760959880207_7163835135302289364_n.jpg?stp=dst-jpg_s150x150&_nc_ht=scontent-yyz1-1.cdninstagram.com&_nc_cat=107&_nc_ohc=KIHp7_1cmJYAX-vQ_pT&edm=ALB854YBAAAA&ccb=7-4&oh=00_AT_zlZP5SJeCAyXpNttuzHdyHFnDiAyfOaIm0l5wZOs3kQ&oe=62410E79&_nc_sid=04cb80,387804605,false,true,https://www.instagram.com/sgchildrensoc/,2022-03-23T02:50:30.959Z
https://www.instagram.com/chrysalis_cabin,chrysalis_cabin,Chrysalis CABIN @ CCKSS,https://scontent-yyz1-1.cdninstagram.com/v/t51.2885-19/1171685_1585450638447943_517239833_a.jpg?stp=dst-jpg_s150x150&_nc_ht=scontent-yyz1-1.cdninstagram.com&_nc_cat=107&_nc_ohc=ieSql-x2sE8AX9bTf08&edm=ALB854YBAAAA&ccb=7-4&oh=00_AT9-yUpRJEM_qWQcmcwg186feeHpNODIL2znvaitb8fTzA&oe=6241ED18&_nc_sid=04cb80,3024709087,false,false,https://www.instagram.com/sgchildrensoc/,2022-03-23T02:50:30.959Z
https://www.instagram.com/casaraudha,casaraudha,Casa Raudha,https://scontent-yyz1-1.cdninstagram.com/v/t51.2885-19/267936524_487302482961228_716533904467854459_n.jpg?stp=dst-jpg_s150x150&_nc_ht=scontent-yyz1-1.cdninstagram.com&_nc_cat=100&_nc_ohc=lwmy0xK9NpYAX91QLxg&edm=ALB854YBAAAA&ccb=7-4&oh=00_AT9TCPb96uEMosv8SLIfhSmZokSX_fLz4rLW1oiHlAwu4Q&oe=62414670&_nc_sid=04cb80,25948907043,false,false,https://www.instagram.com/sgchildrensoc/,2022-03-23T02:50:30.959Z
https://www.instagram.com/sgminds,sgminds,MINDS,https://scontent-yyz1-1.cdninstagram.com/v/t51.2885-19/276969388_658504005480742_3198909151045112176_n.jpg?stp=dst-jpg_s150x150&_nc_ht=scontent-yyz1-1.cdninstagram.com&_nc_cat=110&_nc_ohc=87zTqVMdPRAAX8cmdR7&edm=ALB854YBAAAA&ccb=7-4&oh=00_AT9ByorTZVOGgCdftVMrBjGXqk5J6i385fpo3EvjhUZtpQ&oe=6240A584&_nc_sid=04cb80,1651955108,false,false,https://www.instagram.com/sgchildrensoc/,2022-03-23T02:50:30.959Z
https://www.instagram.com/nebosg,nebosg,nEbO,https://scontent-yyz1-1.cdninstagram.com/v/t51.2885-19/14033694_198033627280814_1258636501_a.jpg?stp=dst-jpg_s150x150&_nc_ht=scontent-yyz1-1.cdninstagram.com&_nc_cat=102&_nc_ohc=LEtffRXllEYAX-_qlj7&edm=ALB854YBAAAA&ccb=7-4&oh=00_AT9vePfDK5SeTU7FOow_LhPs7riry67Gbg26Vw9qY6nfzA&oe=6240CA53&_nc_sid=04cb80,1646424155,false,false,https://www.instagram.com/sgchildrensoc/,2022-03-23T02:50:30.959Z
https://www.instagram.com/ncss.sg,ncss.sg,NCSS Singapore,https://scontent-yyz1-1.cdninstagram.com/v/t51.2885-19/144033607_259435428897493_1316261562551900556_n.jpg?stp=dst-jpg_s150x150&_nc_ht=scontent-yyz1-1.cdninstagram.com&_nc_cat=101&_nc_ohc=vS8O1E4Eg50AX_13vwD&edm=ALB854YBAAAA&ccb=7-4&oh=00_AT9UY7gMqfB_ObrdHxpPl45pLtrpmyNBZqwhbtgRaFEalg&oe=6240BB96&_nc_sid=04cb80,1754399740,false,true,https://www.instagram.com/sgchildrensoc/,2022-03-23T02:50:30.959Z
https://www.instagram.com/educaid.resources,educaid.resources,EducAid Resources,https://scontent-yyz1-1.cdninstagram.com/v/t51.2885-19/30079355_193388668117803_6956079932535472128_n.jpg?stp=dst-jpg_s150x150&_nc_ht=scontent-yyz1-1.cdninstagram.com&_nc_cat=103&_nc_ohc=ADP1Jc4pEj8AX-yM8LU&edm=ALB854YBAAAA&ccb=7-4&oh=00_AT9mW4SGdhPWkIUj86nzh4G3LfXki-tvr8YG8dxHQPrdLA&oe=6241D9BB&_nc_sid=04cb80,7510921085,false,false,https://www.instagram.com/sgchildrensoc/,2022-03-23T02:50:30.959Z
https://www.instagram.com/talya_and_zerah,talya_and_zerah,Talya & Zerah,https://scontent-yyz1-1.cdninstagram.com/v/t51.2885-19/15877096_1354984221241440_1518664697442729984_a.jpg?stp=dst-jpg_s150x150&_nc_ht=scontent-yyz1-1.cdninstagram.com&_nc_cat=100&_nc_ohc=6WwjazgkqbAAX_83x3E&edm=ALB854YBAAAA&ccb=7-4&oh=00_AT_bwDF1tJDtlXc5eK1HzYLCQTdCAhgBxTzIrw48EApZIg&oe=6241AFFA&_nc_sid=04cb80,3592134136,false,false,https://www.instagram.com/sgchildrensoc/,2022-03-23T02:50:30.959Z
https://www.instagram.com/mettlechallenge,mettlechallenge,Mettle Challenge,https://scontent-yyz1-1.cdninstagram.com/v/t51.2885-19/52421029_299486000731664_6162663850781966336_n.jpg?stp=dst-jpg_s150x150&_nc_ht=scontent-yyz1-1.cdninstagram.com&_nc_cat=108&_nc_ohc=yd4blh6JRHUAX8SREFR&edm=ALB854YBAAAA&ccb=7-4&oh=00_AT8t9JRuKB8fkhbYo05YGhxUD20Dn8ahn51G-AD5iIC3Sg&oe=6241BA2E&_nc_sid=04cb80,6317437584,false,false,https://www.instagram.com/sgchildrensoc/,2022-03-23T02:50:30.959Z
https://www.instagram.com/utopia_cabin,utopia_cabin,Project Cabin,https://scontent-yyz1-1.cdninstagram.com/v/t51.2885-19/10607937_455099574640494_660645027_a.jpg?_nc_ht=scontent-yyz1-1.cdninstagram.com&_nc_cat=106&_nc_ohc=IDYVZ3tuuzwAX8kaKj-&edm=ALB854YBAAAA&ccb=7-4&oh=00_AT_Mqhkbxqs-fGrfBl2wWYnrZ47AGpfo4up024PexxKkeg&oe=6240CADB&_nc_sid=04cb80,1791820946,false,false,https://www.instagram.com/sgchildrensoc/,2022-03-23T02:50:30.959Z
https://www.instagram.com/deyicabin,deyicabin,Deyi CABIN,https://scontent-yyz1-1.cdninstagram.com/v/t51.2885-19/11049164_1401990143450669_89617161_a.jpg?_nc_ht=scontent-yyz1-1.cdninstagram.com&_nc_cat=105&_nc_ohc=LyMBOo7hR7UAX9Fni7C&edm=ALB854YBAAAA&ccb=7-4&oh=00_AT-KrmwGNML3LvjRDrp0GNVILqBqTtDEtt50cwkFLyD4ew&oe=62415A18&_nc_sid=04cb80,1608469403,false,false,https://www.instagram.com/sgchildrensoc/,2022-03-23T02:50:30.959Z
https://www.instagram.com/mccysg,mccysg,MCCY Singapore,https://scontent-yyz1-1.cdninstagram.com/v/t51.2885-19/11849245_1628093600762869_1333015023_a.jpg?_nc_ht=scontent-yyz1-1.cdninstagram.com&_nc_cat=101&_nc_ohc=__9qFl7lH50AX_PsaXA&edm=ALB854YBAAAA&ccb=7-4&oh=00_AT-t8KQgjvr_fdaeMpnxo6PN2PaVCPFemoeSZsKgEBZrow&oe=62421B19&_nc_sid=04cb80,628103579,false,true,https://www.instagram.com/sgchildrensoc/,2022-03-23T02:50:30.959Z
https://www.instagram.com/nycsg,nycsg,National Youth Council S'pore,https://scontent-yyz1-1.cdninstagram.com/v/t51.2885-19/69889422_482876515892116_5016552145671946240_n.jpg?stp=dst-jpg_s150x150&_nc_ht=scontent-yyz1-1.cdninstagram.com&_nc_cat=104&_nc_ohc=ueEWCIbRcdEAX_sFH25&edm=ALB854YBAAAA&ccb=7-4&oh=00_AT_AJAn7Ggt7hXA1F4vBI50PwLz_uFuooTgeaPNBxs2ePg&oe=62420A86&_nc_sid=04cb80,180903056,false,true,https://www.instagram.com/sgchildrensoc/,2022-03-23T02:50:30.959Z
https://www.instagram.com/todayonline,todayonline,TODAY,https://scontent-yyz1-1.cdninstagram.com/v/t51.2885-19/124026684_1036513433456090_6628015574769997636_n.jpg?stp=dst-jpg_s150x150&_nc_ht=scontent-yyz1-1.cdninstagram.com&_nc_cat=1&_nc_ohc=EGX3pfs4kXUAX-wSKYf&edm=ALB854YBAAAA&ccb=7-4&oh=00_AT85cP7_N-NJUcvuDKWnaF_d-s-A17WSFpza327aJAhOew&oe=624087E6&_nc_sid=04cb80,199148173,false,true,https://www.instagram.com/sgchildrensoc/,2022-03-23T02:50:30.959Z
https://www.instagram.com/_iamstanz_,_iamstanz_,Stanley Tan,https://scontent-vie1-1.cdninstagram.com/v/t51.2885-19/244699140_291135079494742_8192659078712632394_n.jpg?stp=dst-jpg_s150x150&_nc_ht=scontent-vie1-1.cdninstagram.com&_nc_cat=110&_nc_ohc=8MWLuZCLZOkAX9xpr38&edm=ALB854YBAAAA&ccb=7-4&oh=00_AT9vI5OyzCxDYzYOP6dM8e5C5wIwvbhqvsQ4Q4UTQPS5jA&oe=6240AA06&_nc_sid=04cb80,1930845621,true,false,https://www.instagram.com/sgchildrensoc/,2022-03-23T02:51:00.010Z
https://www.instagram.com/pandadl,pandadl,Deryk | ·ÑÉ·Ö¶·ÑÖ·Öµ·Ü®,https://scontent-vie1-1.cdninstagram.com/v/t51.2885-19/156345508_914500785989904_7170379495272273282_n.jpg?stp=dst-jpg_s150x150&_nc_ht=scontent-vie1-1.cdninstagram.com&_nc_cat=100&_nc_ohc=HZ11K6vVNqIAX_T8VAZ&edm=ALB854YBAAAA&ccb=7-4&oh=00_AT_-8jpB4wvx6jJojGhKx1A5W6Y4ZjJisT0oqi5kjt-RTg&oe=62412112&_nc_sid=04cb80,39223755,false,false,https://www.instagram.com/sgchildrensoc/,2022-03-23T02:51:00.010Z
https://www.instagram.com/vox.44cc,vox.44cc,VOX @ Children‚Äôs Society,https://scontent-vie1-1.cdninstagram.com/v/t51.2885-19/133679077_410986999952710_8017442924617569609_n.jpg?stp=dst-jpg_s150x150&_nc_ht=scontent-vie1-1.cdninstagram.com&_nc_cat=110&_nc_ohc=ujSrWCt7I9oAX8JqFkC&edm=ALB854YBAAAA&ccb=7-4&oh=00_AT9iWf38Z_700RJ8h5D3qduM_f7yABDlQerVLu6RyI_NHw&oe=6240BEEC&_nc_sid=04cb80,1834768088,false,false,https://www.instagram.com/sgchildrensoc/,2022-03-23T02:51:00.010Z
https://www.instagram.com/jremytay,jremytay,J to the Remy,https://scontent-vie1-1.cdninstagram.com/v/t51.2885-19/271288059_249543197170009_5113150383435718987_n.jpg?stp=dst-jpg_s150x150&_nc_ht=scontent-vie1-1.cdninstagram.com&_nc_cat=101&_nc_ohc=N4e8Mppvfc8AX-hOMBm&edm=ALB854YBAAAA&ccb=7-4&oh=00_AT81RVp9hiXuxR0ssurPdTRIP1T_h8cSkzI9ceeyCnrThg&oe=6241E42B&_nc_sid=04cb80,194190647,true,false,https://www.instagram.com/sgchildrensoc/,2022-03-23T02:51:00.010Z
https://www.instagram.com/erviano__,erviano__,Ervin Lim,https://scontent-vie1-1.cdninstagram.com/v/t51.2885-19/67491268_2325811797747950_9004265547264688128_n.jpg?stp=dst-jpg_s150x150&_nc_ht=scontent-vie1-1.cdninstagram.com&_nc_cat=102&_nc_ohc=mLGYP8CuIIcAX8S87lB&edm=ALB854YBAAAA&ccb=7-4&oh=00_AT9M0tLIppr46PVCoYT_rlGrwxiCL4jqSA1IWjg0ZOzAzw&oe=624194CB&_nc_sid=04cb80,453618877,false,false,https://www.instagram.com/sgchildrensoc/,2022-03-23T02:51:00.010Z
https://www.instagram.com/leonardsim,leonardsim,Leonard Sim,https://scontent-vie1-1.cdninstagram.com/v/t51.2885-19/269708176_4915860895114501_7942862518930570998_n.jpg?stp=dst-jpg_s150x150&_nc_ht=scontent-vie1-1.cdninstagram.com&_nc_cat=101&_nc_ohc=SPRbaZPPMJUAX-Kb1PQ&edm=ALB854YBAAAA&ccb=7-4&oh=00_AT_YaYEKJ9w2Ivu2hXk3hORUmtyMaj3PKDUzgTmjZx7ddA&oe=6241CE42&_nc_sid=04cb80,304714890,false,false,https://www.instagram.com/sgchildrensoc/,2022-03-23T02:51:00.010Z
https://www.instagram.com/roundboxcentre,roundboxcentre,RoundBox @ Children's Society,https://scontent-vie1-1.cdninstagram.com/v/t51.2885-19/15276538_1802836233262646_2601845137277452288_a.jpg?stp=dst-jpg_s150x150&_nc_ht=scontent-vie1-1.cdninstagram.com&_nc_cat=102&_nc_ohc=TdhwbhoXFbQAX8wUIyL&edm=ALB854YBAAAA&ccb=7-4&oh=00_AT9XQaV8piVHnkcPN2vvesba4Gvj_9QVJVLXNlHTWVrbVw&oe=6241FB4B&_nc_sid=04cb80,1309109480,false,false,https://www.instagram.com/sgchildrensoc/,2022-03-23T02:51:00.010Z
https://www.instagram.com/missdawnut,missdawnut,Dawnut,https://scontent-vie1-1.cdninstagram.com/v/t51.2885-19/94432895_646437622870813_950134194229477376_n.jpg?stp=dst-jpg_s150x150&_nc_ht=scontent-vie1-1.cdninstagram.com&_nc_cat=101&_nc_ohc=BKLkMMOUxbkAX_TtHGO&edm=ALB854YBAAAA&ccb=7-4&oh=00_AT-CwmF71WzkNqGHkEIFLuKTBu4XKcdT4WXVmiewkk88WQ&oe=6240D2E4&_nc_sid=04cb80,313858422,false,false,https://www.instagram.com/sgchildrensoc/,2022-03-23T02:51:00.010Z
https://www.instagram.com/radinmas_youthnetwork,radinmas_youthnetwork,Radin Mas Youth Network,https://scontent-vie1-1.cdninstagram.com/v/t51.2885-19/89382543_3256658891141489_4652423761755111424_n.jpg?stp=dst-jpg_s150x150&_nc_ht=scontent-vie1-1.cdninstagram.com&_nc_cat=105&_nc_ohc=EbiJXN0jTVQAX8UUijW&edm=ALB854YBAAAA&ccb=7-4&oh=00_AT-nyN9aKM4QGXdbM-sFO-BhGW0s85sst4LARQQykG3t0Q&oe=62424FA5&_nc_sid=04cb80,11103702793,false,false,https://www.instagram.com/sgchildrensoc/,2022-03-23T02:51:00.010Z
https://www.instagram.com/den_at_jyc,den_at_jyc,DEN at JYC,https://scontent-vie1-1.cdninstagram.com/v/t51.2885-19/12424376_1038502532875485_1091583348_a.jpg?stp=dst-jpg_s150x150&_nc_ht=scontent-vie1-1.cdninstagram.com&_nc_cat=109&_nc_ohc=2YCgdhBS1AgAX-PUYq1&edm=ALB854YBAAAA&ccb=7-4&oh=00_AT-WXcplNawFn7bpYuZYJkd3Gkn30_9eeuHpeXKjXjYTfg&oe=624201C6&_nc_sid=04cb80,2319948272,true,false,https://www.instagram.com/sgchildrensoc/,2022-03-23T02:51:00.010Z
https://www.instagram.com/thefort.scs,thefort.scs,The Fort @ Children's Society,https://scontent-vie1-1.cdninstagram.com/v/t51.2885-19/37814699_278426352934981_1429413202562646016_n.jpg?stp=dst-jpg_s150x150&_nc_ht=scontent-vie1-1.cdninstagram.com&_nc_cat=101&_nc_ohc=If2glUv_hpwAX8HVUSr&edm=ALB854YBAAAA&ccb=7-4&oh=00_AT-rvVsZhlnv1j9rVz1zOYQf42JgP2BUJQJtagHjJCt4Tw&oe=6241D49B&_nc_sid=04cb80,4889931793,false,false,https://www.instagram.com/sgchildrensoc/,2022-03-23T02:51:00.010Z
https://www.instagram.com/mjrcabin,mjrcabin,MJRCABIN,https://scontent-vie1-1.cdninstagram.com/v/t51.2885-19/11324517_1637839856456831_222463816_a.jpg?_nc_ht=scontent-vie1-1.cdninstagram.com&_nc_cat=111&_nc_ohc=sMyD35W0ObcAX8bBpSa&edm=ALB854YBAAAA&ccb=7-4&oh=00_AT-hhQAqAjIZW_eMTgI7P09U1RlQ5rJ8zRRRuMD0Y3kRoA&oe=62419523&_nc_sid=04cb80,1239293330,true,false,https://www.instagram.com/sgchildrensoc/,2022-03-23T02:51:00.010Z
https://www.instagram.com/cheekiemonkies,cheekiemonkies,Cheekiemonkies,https://scontent-vie1-1.cdninstagram.com/v/t51.2885-19/72257106_3186429764763820_5215918566137659392_n.jpg?stp=dst-jpg_s150x150&_nc_ht=scontent-vie1-1.cdninstagram.com&_nc_cat=104&_nc_ohc=9oXwS6CuYn0AX_7K45o&edm=ALB854YBAAAA&ccb=7-4&oh=00_AT-TZrmWA-yxfT1a74BLE7X7FC3czpRnuZVKNMZvc7C3KQ&oe=6240CA29&_nc_sid=04cb80,55141583,false,false,https://www.instagram.com/sgchildrensoc/,2022-03-23T02:51:00.010Z
https://www.instagram.com/sengkangbabies,sengkangbabies,Andy Lee,https://scontent-vie1-1.cdninstagram.com/v/t51.2885-19/11372306_1695350550687781_144851002_a.jpg?_nc_ht=scontent-vie1-1.cdninstagram.com&_nc_cat=101&_nc_ohc=qYYhkGtHSxMAX_JgDEG&edm=ALB854YBAAAA&ccb=7-4&oh=00_AT-4nG0qtmSgdw2GVwmVHD93jdJGTQ0FKTlbiszNzgUm6w&oe=62421285&_nc_sid=04cb80,31768160,false,false,https://www.instagram.com/sgchildrensoc/,2022-03-23T02:51:00.010Z
https://www.instagram.com/erc_institute,erc_institute,ERC Institute,https://scontent-vie1-1.cdninstagram.com/v/t51.2885-19/148361453_270585551128065_5550002417351431801_n.jpg?_nc_ht=scontent-vie1-1.cdninstagram.com&_nc_cat=109&_nc_ohc=Cln7d_11jRoAX9gGVlt&edm=ALB854YBAAAA&ccb=7-4&oh=00_AT8hVapNxkV8wr5xHcCOgvxc5qqnrRrGQfzU1kTQERJURQ&oe=62423854&_nc_sid=04cb80,1373247816,false,false,https://www.instagram.com/sgchildrensoc/,2022-03-23T02:51:00.010Z
https://www.instagram.com/jyc_at_scs,jyc_at_scs,GIG@JYC,https://scontent-vie1-1.cdninstagram.com/v/t51.2885-19/13658813_317189781951159_714312218_a.jpg?stp=dst-jpg_s150x150&_nc_ht=scontent-vie1-1.cdninstagram.com&_nc_cat=103&_nc_ohc=B5iGZR6AslEAX9hBGUJ&edm=ALB854YBAAAA&ccb=7-4&oh=00_AT8NEaEEjFWH80Z_ZcI2LNXoWqr2wj1lTkR5cTq04Bv5pw&oe=6240C09E&_nc_sid=04cb80,1589778354,false,false,https://www.instagram.com/sgchildrensoc/,2022-03-23T02:51:00.010Z
https://www.instagram.com/sgcancersociety,sgcancersociety,Singapore Cancer Society,https://scontent-vie1-1.cdninstagram.com/v/t51.2885-19/14128852_157614188012193_1663792545_a.jpg?stp=dst-jpg_s150x150&_nc_ht=scontent-vie1-1.cdninstagram.com&_nc_cat=109&_nc_ohc=VJ0O78gRLgwAX_RgHm9&edm=ALB854YBAAAA&ccb=7-4&oh=00_AT-0BulKvhw6PUt18dwkqTBkMOrtq0FugC80h0sFRH6NyA&oe=6240FFB2&_nc_sid=04cb80,585525654,false,true,https://www.instagram.com/sgchildrensoc/,2022-03-23T02:51:00.010Z
https://www.instagram.com/welovefunfit,welovefunfit,FUNFIT,https://scontent-vie1-1.cdninstagram.com/v/t51.2885-19/271184975_1708562216006098_1181697582719546010_n.jpg?stp=dst-jpg_s150x150&_nc_ht=scontent-vie1-1.cdninstagram.com&_nc_cat=110&_nc_ohc=Rk5Femn9UiYAX9yFdXD&edm=ALB854YBAAAA&ccb=7-4&oh=00_AT9zWQ1hvtU2e1ADAt00SHg0D4rQm9rqMq69Txy9djeWKw&oe=6241FBC7&_nc_sid=04cb80,297349834,false,false,https://www.instagram.com/sgchildrensoc/,2022-03-23T02:51:00.010Z
https://www.instagram.com/spdsingapore,spdsingapore,SPD,https://scontent-vie1-1.cdninstagram.com/v/t51.2885-19/252059298_3051660395072808_4594225689150622949_n.jpg?stp=dst-jpg_s150x150&_nc_ht=scontent-vie1-1.cdninstagram.com&_nc_cat=100&_nc_ohc=V6krsBAj8nwAX_bfxbZ&edm=ALB854YBAAAA&ccb=7-4&oh=00_AT9hMjRpSGRrpbtGzAZZar94QYDIj2V3vJ0xxMfX7_RxAA&oe=6240EC7B&_nc_sid=04cb80,1599784403,false,false,https://www.instagram.com/sgchildrensoc/,2022-03-23T02:51:00.010Z
https://www.instagram.com/singaporecares,singaporecares,SG Cares,https://scontent-vie1-1.cdninstagram.com/v/t51.2885-19/23498764_151079798957057_523962340547231744_n.jpg?stp=dst-jpg_s150x150&_nc_ht=scontent-vie1-1.cdninstagram.com&_nc_cat=105&_nc_ohc=8wt_ivEQXx0AX91N805&edm=ALB854YBAAAA&ccb=7-4&oh=00_AT9PNO_J2mEGOkwOM0YL6IJJbYMFLSGXhac9FOjpaggc4g&oe=6240F412&_nc_sid=04cb80,5509320042,false,false,https://www.instagram.com/sgchildrensoc/,2022-03-23T02:51:00.010Z
https://www.instagram.com/evdanceofficial,evdanceofficial,EV Dance,https://scontent-vie1-1.cdninstagram.com/v/t51.2885-19/17661831_197077744123411_7135735854726643712_a.jpg?stp=dst-jpg_s150x150&_nc_ht=scontent-vie1-1.cdninstagram.com&_nc_cat=107&_nc_ohc=MmEi1T0l23YAX93GNyd&edm=ALB854YBAAAA&ccb=7-4&oh=00_AT_EcZYZaJOSMVrHmfuaHOyOxk7lY3QAxbk0S_kzmcGShg&oe=6240FC33&_nc_sid=04cb80,962785815,false,false,https://www.instagram.com/sgchildrensoc/,2022-03-23T02:51:00.010Z
https://www.instagram.com/cityofgoodsg,cityofgoodsg,NVPC - Towards a City of Good,https://scontent-vie1-1.cdninstagram.com/v/t51.2885-19/72396912_1218156345038737_215326699326275584_n.jpg?stp=dst-jpg_s150x150&_nc_ht=scontent-vie1-1.cdninstagram.com&_nc_cat=101&_nc_ohc=QwdhDJoC7mEAX_309_x&edm=ALB854YBAAAA&ccb=7-4&oh=00_AT_sBSCn_sgq5IJ0CMviwjlBHrA8jDmez-4OiS6EE47Ezw&oe=6240F340&_nc_sid=04cb80,22431215376,false,true,https://www.instagram.com/sgchildrensoc/,2022-03-23T02:51:00.010Z
https://www.instagram.com/sgpools,sgpools,Singapore Pools,https://scontent-vie1-1.cdninstagram.com/v/t51.2885-19/928846_1709968022564546_111811234_a.jpg?_nc_ht=scontent-vie1-1.cdninstagram.com&_nc_cat=102&_nc_ohc=pM2d0j3fNCkAX8u2VDx&edm=ALB854YBAAAA&ccb=7-4&oh=00_AT_Czdu_32Sz-TmLcPH2zb17XLNyThm1WkO8S-L2q4GVcA&oe=62421599&_nc_sid=04cb80,1314874334,false,false,https://www.instagram.com/sgchildrensoc/,2022-03-23T02:51:00.010Z
https://www.instagram.com/theasianparent,theasianparent,theAsianparent,https://scontent-vie1-1.cdninstagram.com/v/t51.2885-19/131602790_510784306549591_1362790899927654354_n.jpg?stp=dst-jpg_s150x150&_nc_ht=scontent-vie1-1.cdninstagram.com&_nc_cat=107&_nc_ohc=e-cMIK6-5NEAX-OLskQ&edm=ALB854YBAAAA&ccb=7-4&oh=00_AT-nsG31Ul6VeDgFoTNX3wlOPfWD50fD7QYEwORx77vMdQ&oe=624257DB&_nc_sid=04cb80,948316002,false,true,https://www.instagram.com/sgchildrensoc/,2022-03-23T02:51:00.010Z
https://www.instagram.com/invisiblefriends_io,invisiblefriends_io,Invisible Friends,https://scontent-vie1-1.cdninstagram.com/v/t51.2885-19/270990852_2077686095722256_2863002539497988538_n.jpg?stp=dst-jpg_s150x150&_nc_ht=scontent-vie1-1.cdninstagram.com&_nc_cat=1&_nc_ohc=Flg1H62UJLcAX8ld6iz&edm=ALB854YBAAAA&ccb=7-4&oh=00_AT-jhR-G1L9V-9VQzmb37HG6PQgHBCeBCPwr5Y7khffr8g&oe=62425E83&_nc_sid=04cb80,51016046033,false,true,https://www.instagram.com/sgchildrensoc/,2022-03-23T02:51:00.010Z
https://www.instagram.com/comchestsg,comchestsg,Community Chest Singapore,https://scontent-vie1-1.cdninstagram.com/v/t51.2885-19/13408922_1735131116749205_947707769_a.jpg?stp=dst-jpg_s150x150&_nc_ht=scontent-vie1-1.cdninstagram.com&_nc_cat=105&_nc_ohc=YGhSUEohtSEAX_NAhAd&edm=ALB854YBAAAA&ccb=7-4&oh=00_AT9RQXrks0pDScNSibaDVDwQ65PqaeECycDiL9oZ9Kl4OA&oe=6240819B&_nc_sid=04cb80,1342191405,false,true,https://www.instagram.com/sgchildrensoc/,2022-03-23T02:51:00.010Z
https://www.instagram.com/superheromesg,superheromesg,Superhero Me,https://scontent-vie1-1.cdninstagram.com/v/t51.2885-19/263599863_299729045379868_7863704856584666398_n.jpg?stp=dst-jpg_s150x150&_nc_ht=scontent-vie1-1.cdninstagram.com&_nc_cat=104&_nc_ohc=oG-7Mw6HaNIAX8VWmQg&edm=ALB854YBAAAA&ccb=7-4&oh=00_AT_xcfDtTcNKy_dB1Eptr6NvCgGrsjVDybMi5uQs-kjDJQ&oe=62427319&_nc_sid=04cb80,1459324429,false,false,https://www.instagram.com/sgchildrensoc/,2022-03-23T02:51:00.010Z
https://www.instagram.com/littlemagsg,littlemagsg,little magazine,https://scontent-vie1-1.cdninstagram.com/v/t51.2885-19/85184470_574817536437477_4859327244234915840_n.jpg?stp=dst-jpg_s150x150&_nc_ht=scontent-vie1-1.cdninstagram.com&_nc_cat=109&_nc_ohc=5uQjq5qz44gAX_e5MtC&edm=ALB854YBAAAA&ccb=7-4&oh=00_AT8pLMnoBZioCOTCvymcKunFAnibf56sSdqo5C_UN8s2OA&oe=62418405&_nc_sid=04cb80,495414988,false,false,https://www.instagram.com/sgchildrensoc/,2022-03-23T02:51:00.010Z
https://www.instagram.com/epeakeventsolutions,epeakeventsolutions,EPeak Event Solutions ¬©Ô∏è ¬ÆÔ∏è,https://scontent-vie1-1.cdninstagram.com/v/t51.2885-19/14549890_695196847311642_3305283930512424960_a.jpg?stp=dst-jpg_s150x150&_nc_ht=scontent-vie1-1.cdninstagram.com&_nc_cat=106&_nc_ohc=9tYUYhbeSJQAX8ovmvg&edm=ALB854YBAAAA&ccb=7-4&oh=00_AT_IsjRGBZPUeiv364W1p8jEBcEnhbkLaf9fMkwQMg1WjQ&oe=6241002F&_nc_sid=04cb80,3632039516,false,false,https://www.instagram.com/sgchildrensoc/,2022-03-23T02:51:00.010Z
https://www.instagram.com/betterinternetsg,betterinternetsg,betterinternetsg,https://scontent-vie1-1.cdninstagram.com/v/t51.2885-19/35369065_175965486430781_3564951683224043520_n.jpg?stp=dst-jpg_s150x150&_nc_ht=scontent-vie1-1.cdninstagram.com&_nc_cat=105&_nc_ohc=rE6SrQjDyvwAX8SS7ur&edm=ALB854YBAAAA&ccb=7-4&oh=00_AT_NQE1B-uWjPhBm19oOJsZuCAqSEVzmSTxnxBvH4wSQlw&oe=6240E9ED&_nc_sid=04cb80,2447649968,false,true,https://www.instagram.com/sgchildrensoc/,2022-03-23T02:51:00.010Z
https://www.instagram.com/sgchildrensforum,sgchildrensforum,Singapore Children‚Äôs Forum SCF,https://scontent-vie1-1.cdninstagram.com/v/t51.2885-19/204214121_208337357814790_3936910567260939396_n.jpg?stp=dst-jpg_s150x150&_nc_ht=scontent-vie1-1.cdninstagram.com&_nc_cat=110&_nc_ohc=Gv-mgGInSfcAX8VeRp5&edm=ALB854YBAAAA&ccb=7-4&oh=00_AT9JhDTo4Vrk5VzM1XME_mhj7vshQGH68vMzq5zv_ceG3g&oe=624093A3&_nc_sid=04cb80,48494841168,false,false,https://www.instagram.com/sgchildrensoc/,2022-03-23T02:51:00.010Z
https://www.instagram.com/socialservicesgconnect,socialservicesgconnect,Social Service SG-Connect,https://scontent-vie1-1.cdninstagram.com/v/t51.2885-19/123141101_386275245832847_3030462275016424188_n.jpg?stp=dst-jpg_s150x150&_nc_ht=scontent-vie1-1.cdninstagram.com&_nc_cat=111&_nc_ohc=mjMr1V_OJHcAX_RgnFk&edm=ALB854YBAAAA&ccb=7-4&oh=00_AT94C1H33rzTKqUi2E9v0AFUVIH2QsbO8IJdQeI7wz8fag&oe=624207FE&_nc_sid=04cb80,6459409828,false,false,https://www.instagram.com/sgchildrensoc/,2022-03-23T02:51:00.010Z
https://www.instagram.com/baeyyamkeng,baeyyamkeng,Baey Yam Keng  È©¨ÁÇéÂ∫Ü,https://scontent-vie1-1.cdninstagram.com/v/t51.2885-19/265550670_1051585758971317_5483240639989391778_n.jpg?stp=dst-jpg_s150x150&_nc_ht=scontent-vie1-1.cdninstagram.com&_nc_cat=101&_nc_ohc=jr2hEC4XAZgAX8dIZZH&edm=ALB854YBAAAA&ccb=7-4&oh=00_AT90U_e6Hwr3q0nuMRK_qbTO-j4ZTHnS04jvQLt4HML6-g&oe=62411626&_nc_sid=04cb80,273114450,false,true,https://www.instagram.com/sgchildrensoc/,2022-03-23T02:51:00.010Z
https://www.instagram.com/jycgig_photography,jycgig_photography,Jurong Youth Centre,https://scontent-vie1-1.cdninstagram.com/v/t51.2885-19/13398945_281291255554898_1876087105_a.jpg?stp=dst-jpg_s150x150&_nc_ht=scontent-vie1-1.cdninstagram.com&_nc_cat=102&_nc_ohc=nYIN-JwuKwAAX8IDC4M&edm=ALB854YBAAAA&ccb=7-4&oh=00_AT98WaBrVUMF6UMbVzJfJcfCCt6ymG9oxQ9eer-HlQff1w&oe=62425600&_nc_sid=04cb80,3422963810,true,false,https://www.instagram.com/sgchildrensoc/,2022-03-23T02:51:00.010Z
https://www.instagram.com/littledayout,littledayout,Little Day Out,https://scontent-vie1-1.cdninstagram.com/v/t51.2885-19/118615273_316124799836228_8672200037469879626_n.jpg?stp=dst-jpg_s150x150&_nc_ht=scontent-vie1-1.cdninstagram.com&_nc_cat=108&_nc_ohc=OGr1Dq0SNT0AX-04Byh&edm=ALB854YBAAAA&ccb=7-4&oh=00_AT_WvxC4wlMF1KICtJDqveZOLaoxce36Q1OvunW_LZIu6g&oe=62417071&_nc_sid=04cb80,481602848,false,false,https://www.instagram.com/sgchildrensoc/,2022-03-23T02:51:00.010Z
https://www.instagram.com/channelnewsasia,channelnewsasia,CNA,https://scontent-vie1-1.cdninstagram.com/v/t51.2885-19/57024175_430669177710250_4966834725239914496_n.jpg?stp=dst-jpg_s150x150&_nc_ht=scontent-vie1-1.cdninstagram.com&_nc_cat=1&_nc_ohc=o7fEutQOx9wAX_qJl1o&edm=ALB854YBAAAA&ccb=7-4&oh=00_AT84bxmri3_EFAIUlXryi7LtDxFWtA80pYN0jy2mexVloQ&oe=6241BAE9&_nc_sid=04cb80,207567201,false,true,https://www.instagram.com/sgchildrensoc/,2022-03-23T02:51:00.010Z
https://www.instagram.com/scapesg,scapesg,*SCAPE,https://scontent-vie1-1.cdninstagram.com/v/t51.2885-19/83336469_2877472375637898_3381455540579205120_n.jpg?stp=dst-jpg_s150x150&_nc_ht=scontent-vie1-1.cdninstagram.com&_nc_cat=106&_nc_ohc=ic-s4OjRcZIAX9acoa7&edm=ALB854YBAAAA&ccb=7-4&oh=00_AT-pqssQcwQdq8uPDw4bqa2xiTQOtI0QJohUObfxQq00pQ&oe=62410464&_nc_sid=04cb80,248522344,false,false,https://www.instagram.com/sgchildrensoc/,2022-03-23T02:51:00.010Z
https://www.instagram.com/our_sg,our_sg,Our SG,https://scontent-vie1-1.cdninstagram.com/v/t51.2885-19/12393610_810786792364998_2140057957_a.jpg?stp=dst-jpg_s150x150&_nc_ht=scontent-vie1-1.cdninstagram.com&_nc_cat=106&_nc_ohc=37mfShfIzrwAX9yAiAq&edm=ALB854YBAAAA&ccb=7-4&oh=00_AT8yyKHbbNt-KsrGo3G8Rywk2l3CG59Nhzi91THT3hXgxg&oe=62407BDD&_nc_sid=04cb80,445503017,false,false,https://www.instagram.com/sgchildrensoc/,2022-03-23T02:51:00.010Z
https://www.instagram.com/ntuwsc,ntuwsc,NTU Welfare Services Club,https://scontent-vie1-1.cdninstagram.com/v/t51.2885-19/14052539_338710063186227_22480313_a.jpg?stp=dst-jpg_s150x150&_nc_ht=scontent-vie1-1.cdninstagram.com&_nc_cat=103&_nc_ohc=XjpjY72e6N0AX-w2NOJ&edm=ALB854YBAAAA&ccb=7-4&oh=00_AT8GcrOVbLw1exy_ycr-CeV1tvEofNvUIK0Pm6fj8FBe6Q&oe=6241D46C&_nc_sid=04cb80,414225945,false,false,https://www.instagram.com/sgchildrensoc/,2022-03-23T02:51:00.010Z
https://www.instagram.com/socialservicetribe,socialservicetribe,Social Service Tribe,https://scontent-vie1-1.cdninstagram.com/v/t51.2885-19/80677833_889571408146009_8398846154061643776_n.jpg?stp=dst-jpg_s150x150&_nc_ht=scontent-vie1-1.cdninstagram.com&_nc_cat=101&_nc_ohc=JF5C0e0niSYAX_eD32S&edm=ALB854YBAAAA&ccb=7-4&oh=00_AT8Q-wvnRspoPf4kpWovtyC6arMbtQzDBnxAvS-Jqp-S3g&oe=62419F2C&_nc_sid=04cb80,28087394703,false,false,https://www.instagram.com/sgchildrensoc/,2022-03-23T02:51:00.010Z
https://www.instagram.com/kindnesssg,kindnesssg,Singapore Kindness Movement,https://scontent-vie1-1.cdninstagram.com/v/t51.2885-19/65609950_2333398860041873_596068695348871168_n.jpg?stp=dst-jpg_s150x150&_nc_ht=scontent-vie1-1.cdninstagram.com&_nc_cat=105&_nc_ohc=74V6qSHr4u4AX-2cIUZ&edm=ALB854YBAAAA&ccb=7-4&oh=00_AT8yUCyiaIQhj42PhsjItxfX7BdTinW80oPr8NNkuU1aHQ&oe=6241A7CE&_nc_sid=04cb80,1486326031,false,false,https://www.instagram.com/sgchildrensoc/,2022-03-23T02:51:00.010Z
https://www.instagram.com/under_mothered,under_mothered,Hope For The Broken//Not Alone,https://scontent-vie1-1.cdninstagram.com/v/t51.2885-19/58409896_395604551026860_9066859275355160576_n.jpg?stp=dst-jpg_s150x150&_nc_ht=scontent-vie1-1.cdninstagram.com&_nc_cat=100&_nc_ohc=t-TGPhyVt5kAX8bUdew&edm=ALB854YBAAAA&ccb=7-4&oh=00_AT9SphnT6ox2_H1ERqkhVx5qpLH2aTZ55Z0lJSxrblring&oe=6241F24B&_nc_sid=04cb80,13294084831,false,false,https://www.instagram.com/sgchildrensoc/,2022-03-23T02:51:00.010Z
https://www.instagram.com/ecss_sg,ecss_sg,En Community Services Society,https://scontent-vie1-1.cdninstagram.com/v/t51.2885-19/89266014_597425947505102_4599488852472627200_n.jpg?stp=dst-jpg_s150x150&_nc_ht=scontent-vie1-1.cdninstagram.com&_nc_cat=102&_nc_ohc=dQY6QS-RUykAX8XyL_q&edm=ALB854YBAAAA&ccb=7-4&oh=00_AT8R3o8yehBP_xk7jb-AGHWVc-x01Os-hROHnm3UDtRHCA&oe=6240F6A2&_nc_sid=04cb80,2286011300,false,false,https://www.instagram.com/sgchildrensoc/,2022-03-23T02:51:00.010Z
https://www.instagram.com/moesingapore,moesingapore,Ministry of Education (MOE),https://scontent-vie1-1.cdninstagram.com/v/t51.2885-19/19625052_235053347003345_1547054938075430912_a.jpg?stp=dst-jpg_s150x150&_nc_ht=scontent-vie1-1.cdninstagram.com&_nc_cat=105&_nc_ohc=wueNQUa1yZ8AX9g-6KE&edm=ALB854YBAAAA&ccb=7-4&oh=00_AT8dcvwJyP8SNCeG6DM1U5fibUXkSr7bLgSOMx2XfxDlGA&oe=62420DEC&_nc_sid=04cb80,1917601457,false,true,https://www.instagram.com/sgchildrensoc/,2022-03-23T02:51:00.010Z
https://www.instagram.com/scs.bullyfree.sg,scs.bullyfree.sg,Bully-Free@Children‚Äôs Society,https://scontent-vie1-1.cdninstagram.com/v/t51.2885-19/272166842_519978339209684_8889402567273377526_n.jpg?stp=dst-jpg_s150x150&_nc_ht=scontent-vie1-1.cdninstagram.com&_nc_cat=108&_nc_ohc=VsbwWL1vgrAAX9hN6ES&edm=ALB854YBAAAA&ccb=7-4&oh=00_AT9lA41HcofPqdsJ03R3aLvBWhnkB6zca-XO2ivEymlVzA&oe=62413267&_nc_sid=04cb80,1915307028,false,false,https://www.instagram.com/sgchildrensoc/,2022-03-23T02:51:00.010Z
https://www.instagram.com/youthcorpssg,youthcorpssg,Youth Corps Singapore,https://scontent-vie1-1.cdninstagram.com/v/t51.2885-19/11095614_646334108834727_1851679495_a.jpg?_nc_ht=scontent-vie1-1.cdninstagram.com&_nc_cat=103&_nc_ohc=pxvAzJDh5Y4AX_5zB3b&edm=ALB854YBAAAA&ccb=7-4&oh=00_AT-xMvtcwVXSdqP1LczqGFdhq0LqivH8M0UPX1SeAhVpWA&oe=6240D8EA&_nc_sid=04cb80,1360120174,false,true,https://www.instagram.com/sgchildrensoc/,2022-03-23T02:51:00.010Z
https://www.instagram.com/projectdumspirospero,projectdumspirospero,Project Dum Spiro Spero,https://scontent-vie1-1.cdninstagram.com/v/t51.2885-19/139295517_459153821750776_7027318234793680359_n.jpg?stp=dst-jpg_s150x150&_nc_ht=scontent-vie1-1.cdninstagram.com&_nc_cat=104&_nc_ohc=eJfNeimaf4IAX8Zcbuq&edm=ALB854YBAAAA&ccb=7-4&oh=00_AT_pr8b_3xdS5nRO2vibVA00iKxfHWx8zgHrbAejV5XiFw&oe=62407D30&_nc_sid=04cb80,45081680837,false,false,https://www.instagram.com/sgchildrensoc/,2022-03-23T02:51:00.010Z
https://www.instagram.com/guidedogs_sg,guidedogs_sg,Guide Dogs Singapore Ltd ü¶Æ,https://scontent-vie1-1.cdninstagram.com/v/t51.2885-19/144990342_456145842417690_3813167215841802102_n.jpg?stp=dst-jpg_s150x150&_nc_ht=scontent-vie1-1.cdninstagram.com&_nc_cat=106&_nc_ohc=WYucj1FkR_kAX_JsRpb&edm=ALB854YBAAAA&ccb=7-4&oh=00_AT_mdEWio8xrD77u87s2J6wJxJJ4_GnPstaduIByHFx0qQ&oe=6241CE5A&_nc_sid=04cb80,1516729439,false,false,https://www.instagram.com/sgchildrensoc/,2022-03-23T02:51:00.010Z
https://www.instagram.com/giveasia,giveasia,GIVE.asia,https://scontent-vie1-1.cdninstagram.com/v/t51.2885-19/17495235_1306401739446818_3142181551014412288_a.jpg?stp=dst-jpg_s150x150&_nc_ht=scontent-vie1-1.cdninstagram.com&_nc_cat=102&_nc_ohc=OP_epOL-eBcAX-eMlPe&edm=ALB854YBAAAA&ccb=7-4&oh=00_AT91anH0S2nikhsmEP_UIejPlI_ic03sCGyzb4TUJVdVFQ&oe=6241CBE7&_nc_sid=04cb80,1633039182,false,false,https://www.instagram.com/sgchildrensoc/,2022-03-23T02:51:00.010Z
https://www.instagram.com/straits_times,straits_times,The Straits Times,https://scontent-vie1-1.cdninstagram.com/v/t51.2885-19/121449411_186284403060011_7050302141236612308_n.jpg?stp=dst-jpg_s150x150&_nc_ht=scontent-vie1-1.cdninstagram.com&_nc_cat=1&_nc_ohc=vkiiCbxe9KIAX_vyAby&edm=ALB854YBAAAA&ccb=7-4&oh=00_AT-I-2R0E8NJnrChFXNsMHzitsCQqSV_vlLY5dAsVyNuyw&oe=624084A2&_nc_sid=04cb80,1091214028,false,true,https://www.instagram.com/sgchildrensoc/,2022-03-23T02:51:00.010Z
https://www.instagram.com/thestonedoves,thestonedoves,The Stone Doves,https://scontent-vie1-1.cdninstagram.com/v/t51.2885-19/121486937_780940049412577_7863280471094787325_n.jpg?stp=dst-jpg_s150x150&_nc_ht=scontent-vie1-1.cdninstagram.com&_nc_cat=101&_nc_ohc=ub1ppC8LgiAAX_jH8we&edm=ALB854YBAAAA&ccb=7-4&oh=00_AT-eut1yEqx3eH1ygJ9OpC0HcoH8UYuYQSKQkS2ohlqZLA&oe=6240C7F6&_nc_sid=04cb80,8923654150,false,false,https://www.instagram.com/sgchildrensoc/,2022-03-23T02:51:00.010Z
https://www.instagram.com/safrasg,safrasg,SAFRA Singapore,https://scontent-vie1-1.cdninstagram.com/v/t51.2885-19/274874150_516760959880207_7163835135302289364_n.jpg?stp=dst-jpg_s150x150&_nc_ht=scontent-vie1-1.cdninstagram.com&_nc_cat=107&_nc_ohc=KIHp7_1cmJYAX9Oou4g&edm=ALB854YBAAAA&ccb=7-4&oh=00_AT-c_w1VjHCuD822EX2MyShq4DAr1s1dK7mM2ZhKn73oTQ&oe=62410E79&_nc_sid=04cb80,387804605,false,true,https://www.instagram.com/sgchildrensoc/,2022-03-23T02:51:00.010Z
https://www.instagram.com/chrysalis_cabin,chrysalis_cabin,Chrysalis CABIN @ CCKSS,https://scontent-vie1-1.cdninstagram.com/v/t51.2885-19/1171685_1585450638447943_517239833_a.jpg?stp=dst-jpg_s150x150&_nc_ht=scontent-vie1-1.cdninstagram.com&_nc_cat=107&_nc_ohc=ieSql-x2sE8AX86Ptm_&edm=ALB854YBAAAA&ccb=7-4&oh=00_AT-yOSl4WZogPfpxktdwHAQiTcaGeRUGO6Sbe9AsEtwIEQ&oe=6241ED18&_nc_sid=04cb80,3024709087,false,false,https://www.instagram.com/sgchildrensoc/,2022-03-23T02:51:00.010Z
https://www.instagram.com/casaraudha,casaraudha,Casa Raudha,https://scontent-vie1-1.cdninstagram.com/v/t51.2885-19/267936524_487302482961228_716533904467854459_n.jpg?stp=dst-jpg_s150x150&_nc_ht=scontent-vie1-1.cdninstagram.com&_nc_cat=100&_nc_ohc=lwmy0xK9NpYAX_yjkvh&edm=ALB854YBAAAA&ccb=7-4&oh=00_AT-RFqyZKnfKBHeO9yor9x_LRn4R5wqh-qNfG6XIAVrjJg&oe=62414670&_nc_sid=04cb80,25948907043,false,false,https://www.instagram.com/sgchildrensoc/,2022-03-23T02:51:00.010Z
https://www.instagram.com/sgminds,sgminds,MINDS,https://scontent-vie1-1.cdninstagram.com/v/t51.2885-19/276969388_658504005480742_3198909151045112176_n.jpg?stp=dst-jpg_s150x150&_nc_ht=scontent-vie1-1.cdninstagram.com&_nc_cat=110&_nc_ohc=87zTqVMdPRAAX-DQh-M&edm=ALB854YBAAAA&ccb=7-4&oh=00_AT-2u1vQC3Wl21Yis_Y_6onemJvPu4xJH05a8tD6I-sC3g&oe=6240A584&_nc_sid=04cb80,1651955108,false,false,https://www.instagram.com/sgchildrensoc/,2022-03-23T02:51:00.010Z
https://www.instagram.com/nebosg,nebosg,nEbO,https://scontent-vie1-1.cdninstagram.com/v/t51.2885-19/14033694_198033627280814_1258636501_a.jpg?stp=dst-jpg_s150x150&_nc_ht=scontent-vie1-1.cdninstagram.com&_nc_cat=102&_nc_ohc=LEtffRXllEYAX-AO-_t&edm=ALB854YBAAAA&ccb=7-4&oh=00_AT8x9CfEMocSL1N7ipx-gN4946pA88yDkJpAC-kQDLyZug&oe=6240CA53&_nc_sid=04cb80,1646424155,false,false,https://www.instagram.com/sgchildrensoc/,2022-03-23T02:51:00.010Z
https://www.instagram.com/ncss.sg,ncss.sg,NCSS Singapore,https://scontent-vie1-1.cdninstagram.com/v/t51.2885-19/144033607_259435428897493_1316261562551900556_n.jpg?stp=dst-jpg_s150x150&_nc_ht=scontent-vie1-1.cdninstagram.com&_nc_cat=101&_nc_ohc=vS8O1E4Eg50AX--etfh&edm=ALB854YBAAAA&ccb=7-4&oh=00_AT_2l5MhMAtf8oJWYURCk4Ndwn5oCkBakZIwG90ZENJk0A&oe=6240BB96&_nc_sid=04cb80,1754399740,false,true,https://www.instagram.com/sgchildrensoc/,2022-03-23T02:51:00.010Z
https://www.instagram.com/educaid.resources,educaid.resources,EducAid Resources,https://scontent-vie1-1.cdninstagram.com/v/t51.2885-19/30079355_193388668117803_6956079932535472128_n.jpg?stp=dst-jpg_s150x150&_nc_ht=scontent-vie1-1.cdninstagram.com&_nc_cat=103&_nc_ohc=ADP1Jc4pEj8AX_CAe6d&edm=ALB854YBAAAA&ccb=7-4&oh=00_AT86c7D2ZI-R_D-MUmS-WozqJUuQL9m7lb36nIu9uUT7-Q&oe=6241D9BB&_nc_sid=04cb80,7510921085,false,false,https://www.instagram.com/sgchildrensoc/,2022-03-23T02:51:00.010Z
https://www.instagram.com/talya_and_zerah,talya_and_zerah,Talya & Zerah,https://scontent-vie1-1.cdninstagram.com/v/t51.2885-19/15877096_1354984221241440_1518664697442729984_a.jpg?stp=dst-jpg_s150x150&_nc_ht=scontent-vie1-1.cdninstagram.com&_nc_cat=100&_nc_ohc=6WwjazgkqbAAX855IQK&edm=ALB854YBAAAA&ccb=7-4&oh=00_AT9HXWtNoOOcnNIFF2eb5qPe3WDChtrvynFRRPSwwTGVqw&oe=6241AFFA&_nc_sid=04cb80,3592134136,false,false,https://www.instagram.com/sgchildrensoc/,2022-03-23T02:51:00.010Z
https://www.instagram.com/mettlechallenge,mettlechallenge,Mettle Challenge,https://scontent-vie1-1.cdninstagram.com/v/t51.2885-19/52421029_299486000731664_6162663850781966336_n.jpg?stp=dst-jpg_s150x150&_nc_ht=scontent-vie1-1.cdninstagram.com&_nc_cat=108&_nc_ohc=yd4blh6JRHUAX8mzs80&edm=ALB854YBAAAA&ccb=7-4&oh=00_AT9NQLr37fCcub_VcSOAhA_Zs0ts5IeoGV526_CpIU46yA&oe=6241BA2E&_nc_sid=04cb80,6317437584,false,false,https://www.instagram.com/sgchildrensoc/,2022-03-23T02:51:00.010Z
https://www.instagram.com/utopia_cabin,utopia_cabin,Project Cabin,https://scontent-vie1-1.cdninstagram.com/v/t51.2885-19/10607937_455099574640494_660645027_a.jpg?_nc_ht=scontent-vie1-1.cdninstagram.com&_nc_cat=106&_nc_ohc=IDYVZ3tuuzwAX-wBBv1&edm=ALB854YBAAAA&ccb=7-4&oh=00_AT_vVDUZb7Lps4oqW2sxhTxPf7OmmhuSu0XYEEHybjw7hw&oe=6240CADB&_nc_sid=04cb80,1791820946,false,false,https://www.instagram.com/sgchildrensoc/,2022-03-23T02:51:00.010Z
https://www.instagram.com/deyicabin,deyicabin,Deyi CABIN,https://scontent-vie1-1.cdninstagram.com/v/t51.2885-19/11049164_1401990143450669_89617161_a.jpg?_nc_ht=scontent-vie1-1.cdninstagram.com&_nc_cat=105&_nc_ohc=LyMBOo7hR7UAX8SqF5z&edm=ALB854YBAAAA&ccb=7-4&oh=00_AT9fDI_qEk4O0Fob9NSZ2UEma57yZzi6VfEisVVfPeaPzg&oe=62415A18&_nc_sid=04cb80,1608469403,false,false,https://www.instagram.com/sgchildrensoc/,2022-03-23T02:51:00.010Z
https://www.instagram.com/mccysg,mccysg,MCCY Singapore,https://scontent-vie1-1.cdninstagram.com/v/t51.2885-19/11849245_1628093600762869_1333015023_a.jpg?_nc_ht=scontent-vie1-1.cdninstagram.com&_nc_cat=101&_nc_ohc=__9qFl7lH50AX80Lty-&edm=ALB854YBAAAA&ccb=7-4&oh=00_AT_vsOrwCDFwY5K9t3um__t88_J0Gm7PY6Kv1uhJhSBfew&oe=62421B19&_nc_sid=04cb80,628103579,false,true,https://www.instagram.com/sgchildrensoc/,2022-03-23T02:51:00.010Z
https://www.instagram.com/nycsg,nycsg,National Youth Council S'pore,https://scontent-vie1-1.cdninstagram.com/v/t51.2885-19/69889422_482876515892116_5016552145671946240_n.jpg?stp=dst-jpg_s150x150&_nc_ht=scontent-vie1-1.cdninstagram.com&_nc_cat=104&_nc_ohc=ueEWCIbRcdEAX_lS_pA&edm=ALB854YBAAAA&ccb=7-4&oh=00_AT-zT4KFR1LnIxX0i-oKFZ4bwqkn2jXo-as-JteKTtpYLw&oe=62420A86&_nc_sid=04cb80,180903056,false,true,https://www.instagram.com/sgchildrensoc/,2022-03-23T02:51:00.010Z
https://www.instagram.com/todayonline,todayonline,TODAY,https://scontent-vie1-1.cdninstagram.com/v/t51.2885-19/124026684_1036513433456090_6628015574769997636_n.jpg?stp=dst-jpg_s150x150&_nc_ht=scontent-vie1-1.cdninstagram.com&_nc_cat=1&_nc_ohc=EGX3pfs4kXUAX_0QZtt&edm=ALB854YBAAAA&ccb=7-4&oh=00_AT_gaiC0ppimtosFJ5S93V_dQazI2JKqs_9ljVi0Gv2CHA&oe=624087E6&_nc_sid=04cb80,199148173,false,true,https://www.instagram.com/sgchildrensoc/,2022-03-23T02:51:00.010Z