profilePictureUrl,username,profileUrl,comment,likeCount,replyCount,commentDate,commentId,ownerId,timestamp,query,error
https://scontent-lga3-1.cdninstagram.com/v/t51.2885-19/275093863_340054478072010_6613421893956269588_n.jpg?stp=dst-jpg_s150x150&_nc_ht=scontent-lga3-1.cdninstagram.com&_nc_cat=106&_nc_ohc=VRoyWtxoBxEAX8J2Ufs&edm=AId3EpQBAAAA&ccb=7-4&oh=00_AT_uAhKsZLgG2V6oxX7KqcbT-pYXDPAogD65G7rAv_o5tQ&oe=624023E8&_nc_sid=705020,vitagenqueen,https://www.instagram.com/vitagenqueen,Adorable girls üòç,0,0,2022-03-21T04:59:28.000Z,17955857449715210,369442658,2022-03-22T13:06:15.503Z,https://www.instagram.com/p/CbWgkYuBvN_/,
https://scontent-lga3-1.cdninstagram.com/v/t51.2885-19/271677069_354793872874570_1961086339467512672_n.jpg?stp=dst-jpg_s150x150&_nc_ht=scontent-lga3-1.cdninstagram.com&_nc_cat=110&_nc_ohc=Nzo7UT07M6YAX9mJYjM&edm=AId3EpQBAAAA&ccb=7-4&oh=00_AT_VHv0CaHWBaukfiVsjfWZz1gwNFM09aqWipw2C4EIBgQ&oe=62414428&_nc_sid=705020,pioneerresponders,https://www.instagram.com/pioneerresponders,We are all humans too ‚ù§Ô∏è,0,0,2022-03-21T04:14:04.000Z,18022947961337933,46769663202,2022-03-22T13:06:15.503Z,https://www.instagram.com/p/CbWgkYuBvN_/,
,,,,,,,,,2022-03-22T13:06:16.129Z,https://www.instagram.com/p/CbJcPjVJS9e/,No comments found
,,,,,,,,,2022-03-22T13:06:16.375Z,https://www.instagram.com/p/CbHTInSpf7l/,No comments found
,,,,,,,,,2022-03-22T13:06:16.744Z,https://www.instagram.com/p/Ca6mRkdpaZJ/,No comments found
,,,,,,,,,2022-03-22T13:06:16.961Z,https://www.instagram.com/p/Ca1CIpcJiVF/,No comments found
,,,,,,,,,2022-03-22T13:06:17.144Z,https://www.instagram.com/p/Cad3CjGBvLe/,No comments found
,,,,,,,,,2022-03-22T13:06:17.336Z,https://www.instagram.com/p/CaYt1w-JRqP/,No comments found
https://scontent-lga3-1.cdninstagram.com/v/t51.2885-19/274258800_655774918964151_6119357500713295806_n.jpg?stp=dst-jpg_s150x150&_nc_ht=scontent-lga3-1.cdninstagram.com&_nc_cat=103&_nc_ohc=8mrUQxpFGFYAX88xEbY&edm=AId3EpQBAAAA&ccb=7-4&oh=00_AT-mEX6QVYy5Ybe9E-nYoklil7P06p3lLCC-IPBcDtmXPA&oe=623FFBD7&_nc_sid=705020,limyookgweek,https://www.instagram.com/limyookgweek,‚ù§Ô∏è‚ù§Ô∏èüòç,0,0,2022-02-13T06:45:15.000Z,18208685239135607,5701164305,2022-03-22T13:06:18.799Z,https://www.instagram.com/p/CZ5z8pdB83m/,
https://scontent-lga3-1.cdninstagram.com/v/t51.2885-19/92461603_827405844336775_1789328159137595392_n.jpg?stp=dst-jpg_s150x150&_nc_ht=scontent-lga3-1.cdninstagram.com&_nc_cat=107&_nc_ohc=gQJ1HQC8KI4AX_Ydfds&edm=AId3EpQBAAAA&ccb=7-4&oh=00_AT-hlIltktjL0S23MAUJYDSGA_pRoi2oQSB0LKcfFY3e_A&oe=6240D518&_nc_sid=705020,mr_solis_old_money_buyer,https://www.instagram.com/mr_solis_old_money_buyer,"I buy old MALüá≤üáæ(coin$note)10Kmyr per‚òù
Old SINüá∏üá¨(coin$note)10Ksgd per‚òù
Old BRUüáßüá≥(coin$note)10Kbnd per‚òù
YA ALLAH Tembaga,‚òù‚òù‚úÖü§ô‚úÖ‚úÖ
Old coin
Old notes
Stamps 
Duit lama
Cincin
Stoke
Atique
Ring..",0,0,2022-02-11T04:43:10.000Z,17913553235340452,4300420533,2022-03-22T13:06:20.654Z,https://www.instagram.com/p/CZ0vBemhncN/,
,,,,,,,,,2022-03-22T13:06:21.485Z,https://www.instagram.com/p/CZaskWuJBSu/,No comments found
https://scontent-iad3-1.cdninstagram.com/v/t51.2885-19/269597542_1034014573996540_5247529185739584140_n.jpg?stp=dst-jpg_s150x150&_nc_ht=scontent-iad3-1.cdninstagram.com&_nc_cat=104&_nc_ohc=AD37Vh8um5QAX_NKbH6&edm=AId3EpQBAAAA&ccb=7-4&oh=00_AT8NtFmufwpkUAGyey86svAcHD7EGiUL9_pgBc2hnygYuA&oe=62419EC3&_nc_sid=705020,wongnyukcheng,https://www.instagram.com/wongnyukcheng,SMALL!,0,0,2022-02-10T22:32:41.000Z,17929414991024777,39965835338,2022-03-22T13:06:46.223Z,https://www.instagram.com/p/CZRQXJogI3n/,
https://scontent-iad3-1.cdninstagram.com/v/t51.2885-19/270003340_438543051087619_7677542417731251812_n.jpg?stp=dst-jpg_s150x150&_nc_ht=scontent-iad3-1.cdninstagram.com&_nc_cat=107&_nc_ohc=qC-uA8MRu08AX8Xb_tm&edm=AId3EpQBAAAA&ccb=7-4&oh=00_AT_rM8uPZS_ycLcjximLshFjYPo0DpaxAidZwxF2s9Siuw&oe=623FFC91&_nc_sid=705020,farida_gilmore_,https://www.instagram.com/farida_gilmore_,üëè,0,0,2022-01-28T03:51:55.000Z,18151087276239338,7156213497,2022-03-22T13:06:48.115Z,https://www.instagram.com/p/CZLdpCqr26u/,
,,,,,,,,,2022-03-22T13:06:48.813Z,https://www.instagram.com/p/CZI4yJNvb-f/,No comments found
https://scontent-iad3-1.cdninstagram.com/v/t51.2885-19/243745683_428949705228905_8347776315685653668_n.jpg?stp=dst-jpg_s150x150&_nc_ht=scontent-iad3-1.cdninstagram.com&_nc_cat=105&_nc_ohc=xVMI1ckve8MAX8rTL7n&edm=AId3EpQBAAAA&ccb=7-4&oh=00_AT9J8-hpECsIQkgTf3H_OtCFpDWm_ntKz4JeOIiVEMib-w&oe=62417B67&_nc_sid=705020,rickleowsk,https://www.instagram.com/rickleowsk,‚ù§Ô∏è,0,0,2022-01-24T16:08:51.000Z,17919906833068381,428978770,2022-03-22T13:06:51.088Z,https://www.instagram.com/p/CZHH0qAt0S2/,
,,,,,,,,,2022-03-22T13:06:51.735Z,https://www.instagram.com/p/CY_ciWTPgag/,No comments found
https://scontent-iad3-1.cdninstagram.com/v/t51.2885-19/130119842_1459009110969036_1930695440044424787_n.jpg?stp=dst-jpg_s150x150&_nc_ht=scontent-iad3-1.cdninstagram.com&_nc_cat=100&_nc_ohc=Ej_H44dbmjoAX-TvNBN&edm=AId3EpQBAAAA&ccb=7-4&oh=00_AT-Gib9zLCzj5cYG22cQYvcGafZ0ffhJsK5YauHPGZSnkw&oe=62414876&_nc_sid=705020,msparoxysm,https://www.instagram.com/msparoxysm,"‚ÄúOffer to help share‚Äù - ‚Äúoffer‚Äù, ‚Äúhelp‚Äù and ‚Äúshare‚Äù all imply that women should be the owner of the chores. How about normalising that men and women should both be responsible by simply saying ‚Äúdo the household chores‚Äù?",5,0,2022-01-20T11:15:17.000Z,18254384341073213,1301273,2022-03-22T13:06:53.128Z,https://www.instagram.com/p/CYsyoU9PFRg/,
,,,,,,,,,2022-03-22T13:06:53.979Z,https://www.instagram.com/p/CYjHxEWv49c/,No comments found
https://scontent-iad3-1.cdninstagram.com/v/t51.2885-19/11226776_481713855319247_1878690493_a.jpg?_nc_ht=scontent-iad3-1.cdninstagram.com&_nc_cat=111&_nc_ohc=BKwtnCeepAEAX-NnNEU&tn=ZFtC9Yvb7edAefGk&edm=AId3EpQBAAAA&ccb=7-4&oh=00_AT-8OO0E1CBx9EL-DLwwTi_kN7pYyozdMu8uO1ClLu2D7Q&oe=62419244&_nc_sid=705020,yang.wahwah,https://www.instagram.com/yang.wahwah,üëèüëè,0,0,2022-01-03T07:23:19.000Z,17872997549628233,1907266283,2022-03-22T13:06:55.517Z,https://www.instagram.com/p/CYQPTRTs8QR/,
,,,,,,,,,2022-03-22T13:06:58.394Z,https://www.instagram.com/p/CYIg57sMy8g/,No comments found
https://scontent-lga3-2.cdninstagram.com/v/t51.2885-19/274258800_655774918964151_6119357500713295806_n.jpg?stp=dst-jpg_s150x150&_nc_ht=scontent-lga3-2.cdninstagram.com&_nc_cat=103&_nc_ohc=8mrUQxpFGFYAX8hjlBe&edm=AId3EpQBAAAA&ccb=7-4&oh=00_AT-_COQoEer2y_rLQ6S_IFn9xtu-4ZxFRL6v-R1k74ivTQ&oe=623FFBD7&_nc_sid=705020,limyookgweek,https://www.instagram.com/limyookgweek,‚ù§Ô∏è,0,0,2021-12-30T20:26:04.000Z,17982890860412632,5701164305,2022-03-22T13:07:46.264Z,https://www.instagram.com/p/CYF8HNalX_k/,
https://scontent-lga3-2.cdninstagram.com/v/t51.2885-19/200064845_525150341949055_1720424288554999736_n.jpg?stp=dst-jpg_s150x150&_nc_ht=scontent-lga3-2.cdninstagram.com&_nc_cat=107&_nc_ohc=MqyrcnF-FB4AX842Nrj&edm=AId3EpQBAAAA&ccb=7-4&oh=00_AT9AhyMsaZ1EfKoEIrUcc4Dv88YTQy9M7vQecF9qBCvh4w&oe=62410ECA&_nc_sid=705020,merci_yah,https://www.instagram.com/merci_yah,WAH SEH SAMMY!!!! üòçüòçüòç,0,0,2021-12-29T11:19:23.000Z,17947121557633529,605124476,2022-03-22T13:07:48.038Z,https://www.instagram.com/p/CYDXY9Qq0_g/,
https://scontent-lga3-2.cdninstagram.com/v/t51.2885-19/274227084_2979799698947013_5816271551046239567_n.jpg?stp=dst-jpg_s150x150&_nc_ht=scontent-lga3-2.cdninstagram.com&_nc_cat=109&_nc_ohc=nASg7PHQHTgAX-Z1gBp&tn=ZFtC9Yvb7edAefGk&edm=AId3EpQBAAAA&ccb=7-4&oh=00_AT-K7GI6eg3pM-C_GurL-W4ufrv9oGXprD_kFJTBEUoyeA&oe=623FE440&_nc_sid=705020,kennethgabrielwong,https://www.instagram.com/kennethgabrielwong,Amazing work Sam!!!,0,0,2021-12-29T11:06:41.000Z,17913901859217278,14557221,2022-03-22T13:07:48.038Z,https://www.instagram.com/p/CYDXY9Qq0_g/,
https://scontent-lga3-2.cdninstagram.com/v/t51.2885-19/218393108_404611320954753_8416413342278953027_n.jpg?stp=dst-jpg_s150x150&_nc_ht=scontent-lga3-2.cdninstagram.com&_nc_cat=109&_nc_ohc=hPJTvkeQXf0AX-ztHzq&edm=AId3EpQBAAAA&ccb=7-4&oh=00_AT-nB1JxrWi7aYTiTfLJtNsxjYf_QRNsacllnN5T1tgNKg&oe=62415551&_nc_sid=705020,elyza.jan,https://www.instagram.com/elyza.jan,IDOLLLL,0,0,2021-12-29T11:05:44.000Z,18106753843282352,8749165589,2022-03-22T13:07:48.038Z,https://www.instagram.com/p/CYDXY9Qq0_g/,
https://scontent-lga3-2.cdninstagram.com/v/t51.2885-19/270244077_339154061067327_6582248502945318391_n.jpg?stp=dst-jpg_s150x150&_nc_ht=scontent-lga3-2.cdninstagram.com&_nc_cat=103&_nc_ohc=L1-tdG5jKVsAX9MTzvT&tn=ZFtC9Yvb7edAefGk&edm=AId3EpQBAAAA&ccb=7-4&oh=00_AT_t7eNTYIcvYnMaOh8S0MeE6q1_b_NlAw3nTFUtAFj4IA&oe=6241364B&_nc_sid=705020,socialwork_diary,https://www.instagram.com/socialwork_diary,üëèüëè,0,0,2021-12-29T05:01:21.000Z,17933693206887598,47389352530,2022-03-22T13:07:48.038Z,https://www.instagram.com/p/CYDXY9Qq0_g/,
https://scontent-lga3-2.cdninstagram.com/v/t51.2885-19/270244077_339154061067327_6582248502945318391_n.jpg?stp=dst-jpg_s150x150&_nc_ht=scontent-lga3-2.cdninstagram.com&_nc_cat=103&_nc_ohc=L1-tdG5jKVsAX9MTzvT&tn=ZFtC9Yvb7edAefGk&edm=AId3EpQBAAAA&ccb=7-4&oh=00_AT_t7eNTYIcvYnMaOh8S0MeE6q1_b_NlAw3nTFUtAFj4IA&oe=6241364B&_nc_sid=705020,socialwork_diary,https://www.instagram.com/socialwork_diary,‚ù§Ô∏è‚ù§Ô∏è,0,0,2021-12-29T02:41:00.000Z,18000230491387438,47389352530,2022-03-22T13:07:50.286Z,https://www.instagram.com/p/CX-N0iJB6JD/,
https://scontent-lga3-2.cdninstagram.com/v/t51.2885-19/270244077_339154061067327_6582248502945318391_n.jpg?stp=dst-jpg_s150x150&_nc_ht=scontent-lga3-2.cdninstagram.com&_nc_cat=103&_nc_ohc=L1-tdG5jKVsAX9MTzvT&tn=ZFtC9Yvb7edAefGk&edm=AId3EpQBAAAA&ccb=7-4&oh=00_AT_t7eNTYIcvYnMaOh8S0MeE6q1_b_NlAw3nTFUtAFj4IA&oe=6241364B&_nc_sid=705020,socialwork_diary,https://www.instagram.com/socialwork_diary,üëè,0,0,2021-12-29T02:40:54.000Z,17935185679849339,47389352530,2022-03-22T13:07:51.800Z,https://www.instagram.com/p/CX2fb9kuRhG/,
https://scontent-lga3-2.cdninstagram.com/v/t51.2885-19/11371122_691583617608276_2574968_a.jpg?_nc_ht=scontent-lga3-2.cdninstagram.com&_nc_cat=100&_nc_ohc=-3UK_WWrH1IAX8L0hRr&edm=AId3EpQBAAAA&ccb=7-4&oh=00_AT-KhoTMtLAg5ZzJAjktkYReSsbbmDufM56j4yc1n2VAzA&oe=624186A7&_nc_sid=705020,opiates73,https://www.instagram.com/opiates73,Merry Christmas üéÑ üéÖ to you too üëè,0,0,2021-12-24T04:30:35.000Z,17889797378487170,2063574,2022-03-22T13:07:51.800Z,https://www.instagram.com/p/CX2fb9kuRhG/,
https://scontent-lga3-2.cdninstagram.com/v/t51.2885-19/270244077_339154061067327_6582248502945318391_n.jpg?stp=dst-jpg_s150x150&_nc_ht=scontent-lga3-2.cdninstagram.com&_nc_cat=103&_nc_ohc=L1-tdG5jKVsAX9MTzvT&tn=ZFtC9Yvb7edAefGk&edm=AId3EpQBAAAA&ccb=7-4&oh=00_AT_t7eNTYIcvYnMaOh8S0MeE6q1_b_NlAw3nTFUtAFj4IA&oe=6241364B&_nc_sid=705020,socialwork_diary,https://www.instagram.com/socialwork_diary,üôåüôå,0,0,2021-12-29T02:40:48.000Z,18074838706289203,47389352530,2022-03-22T13:07:53.618Z,https://www.instagram.com/p/CXxVupFMrqw/,
https://scontent-lga3-2.cdninstagram.com/v/t51.2885-19/60550186_432423454259745_3456638251605950464_n.jpg?stp=dst-jpg_s150x150&_nc_ht=scontent-lga3-2.cdninstagram.com&_nc_cat=109&_nc_ohc=60YQCtup7dsAX9-TxqW&tn=ZFtC9Yvb7edAefGk&edm=AId3EpQBAAAA&ccb=7-4&oh=00_AT-q7poedKH_OYxLH5YRNXTRNzaVWXOVH2SAb0gjqjLvZA&oe=6240B867&_nc_sid=705020,littlebujju,https://www.instagram.com/littlebujju,üòç,0,0,2021-12-25T17:18:10.000Z,17874038699565187,13520038375,2022-03-22T13:07:56.651Z,https://www.instagram.com/p/CXs_lt1FLOZ/,
https://scontent-lga3-2.cdninstagram.com/v/t51.2885-19/249774699_254067716689404_4540407843818237463_n.jpg?stp=dst-jpg_s150x150&_nc_ht=scontent-lga3-2.cdninstagram.com&_nc_cat=100&_nc_ohc=OpBKaabhTCYAX_2Y9ca&tn=ZFtC9Yvb7edAefGk&edm=AId3EpQBAAAA&ccb=7-4&oh=00_AT-B2VAZwna0HHyDPA2TSxL6ZRvKDTzJTCaof6Rk41fQ8g&oe=62418978&_nc_sid=705020,wilheminabroadbent7,https://www.instagram.com/wilheminabroadbent7,"I don‚Äôt know how to say I‚Äôm grateful to @melisaoption the change she brought me and my family $15,900 in 7days with $3000. It‚Äôs enough to appreciate you.",0,0,2021-12-18T16:23:43.000Z,18020302654343515,50050133531,2022-03-22T13:07:58.478Z,https://www.instagram.com/p/CXTanOWLGT5/,
https://scontent-lga3-2.cdninstagram.com/v/t51.2885-19/11226776_481713855319247_1878690493_a.jpg?_nc_ht=scontent-lga3-2.cdninstagram.com&_nc_cat=111&_nc_ohc=BKwtnCeepAEAX8A62vq&tn=ZFtC9Yvb7edAefGk&edm=AId3EpQBAAAA&ccb=7-4&oh=00_AT8fBQi09fM_3afUuszmeqhREqy9pnYSaS1MADjYNBREWw&oe=62419244&_nc_sid=705020,yang.wahwah,https://www.instagram.com/yang.wahwah,üëèüëè,0,0,2021-12-10T23:24:22.000Z,17921923619043848,1907266283,2022-03-22T13:07:58.478Z,https://www.instagram.com/p/CXTanOWLGT5/,
https://scontent-lga3-2.cdninstagram.com/v/t51.2885-19/270244077_339154061067327_6582248502945318391_n.jpg?stp=dst-jpg_s150x150&_nc_ht=scontent-lga3-2.cdninstagram.com&_nc_cat=103&_nc_ohc=L1-tdG5jKVsAX9MTzvT&tn=ZFtC9Yvb7edAefGk&edm=AId3EpQBAAAA&ccb=7-4&oh=00_AT_t7eNTYIcvYnMaOh8S0MeE6q1_b_NlAw3nTFUtAFj4IA&oe=6241364B&_nc_sid=705020,socialwork_diary,https://www.instagram.com/socialwork_diary,üëèüëè,0,0,2021-12-29T02:41:12.000Z,17918562764132541,47389352530,2022-03-22T13:08:00.217Z,https://www.instagram.com/p/CXIJGIoAs_u/,
https://scontent-lga3-2.cdninstagram.com/v/t51.2885-19/241084128_2969989323258055_3795140872840977589_n.jpg?stp=dst-jpg_s150x150&_nc_ht=scontent-lga3-2.cdninstagram.com&_nc_cat=107&_nc_ohc=ELizemsPD_YAX_mNG_Q&edm=AId3EpQBAAAA&ccb=7-4&oh=00_AT_tVytodSJxmuCUnzdAW4KbWNPIHetayqjP8YDbgDQnsg&oe=6241588A&_nc_sid=705020,theekthak_siwec,https://www.instagram.com/theekthak_siwec,üòçüôå,0,0,2021-12-06T04:05:56.000Z,17913219584300987,48758991153,2022-03-22T13:08:00.217Z,https://www.instagram.com/p/CXIJGIoAs_u/,
,,,,,,,,,2022-03-22T13:08:00.945Z,https://www.instagram.com/p/CXA2kllBI7O/,No comments found
https://scontent-lga3-2.cdninstagram.com/v/t51.2885-19/248274982_603952247699773_6328322726067369236_n.jpg?stp=dst-jpg_s150x150&_nc_ht=scontent-lga3-2.cdninstagram.com&_nc_cat=101&_nc_ohc=Ax-igow6otoAX9jSS9i&tn=ZFtC9Yvb7edAefGk&edm=AId3EpQBAAAA&ccb=7-4&oh=00_AT_VDc81Fn8XGDchgsQkOp6AgVOlgts32LhcxqRdUHHoPw&oe=62410C3F&_nc_sid=705020,dorischiadoris,https://www.instagram.com/dorischiadoris,üëèüòÆ,0,0,2021-12-01T08:05:55.000Z,17898957017318357,33763782995,2022-03-22T13:08:02.782Z,https://www.instagram.com/p/CWvCVDUB8Wm/,
https://scontent-lga3-2.cdninstagram.com/v/t51.2885-19/248274982_603952247699773_6328322726067369236_n.jpg?stp=dst-jpg_s150x150&_nc_ht=scontent-lga3-2.cdninstagram.com&_nc_cat=101&_nc_ohc=Ax-igow6otoAX9jSS9i&tn=ZFtC9Yvb7edAefGk&edm=AId3EpQBAAAA&ccb=7-4&oh=00_AT_VDc81Fn8XGDchgsQkOp6AgVOlgts32LhcxqRdUHHoPw&oe=62410C3F&_nc_sid=705020,dorischiadoris,https://www.instagram.com/dorischiadoris,"And take care yrself, be strong üí™",0,0,2021-12-01T00:54:43.000Z,17941186450711998,33763782995,2022-03-22T13:08:02.782Z,https://www.instagram.com/p/CWvCVDUB8Wm/,
https://scontent-lga3-2.cdninstagram.com/v/t51.2885-19/248274982_603952247699773_6328322726067369236_n.jpg?stp=dst-jpg_s150x150&_nc_ht=scontent-lga3-2.cdninstagram.com&_nc_cat=101&_nc_ohc=Ax-igow6otoAX9jSS9i&tn=ZFtC9Yvb7edAefGk&edm=AId3EpQBAAAA&ccb=7-4&oh=00_AT_VDc81Fn8XGDchgsQkOp6AgVOlgts32LhcxqRdUHHoPw&oe=62410C3F&_nc_sid=705020,dorischiadoris,https://www.instagram.com/dorischiadoris,God bless all people in the world üåé üôè,0,0,2021-12-01T00:53:33.000Z,17897439185438817,33763782995,2022-03-22T13:08:02.782Z,https://www.instagram.com/p/CWvCVDUB8Wm/,
https://scontent-lga3-2.cdninstagram.com/v/t51.2885-19/11226776_481713855319247_1878690493_a.jpg?_nc_ht=scontent-lga3-2.cdninstagram.com&_nc_cat=111&_nc_ohc=BKwtnCeepAEAX8A62vq&tn=ZFtC9Yvb7edAefGk&edm=AId3EpQBAAAA&ccb=7-4&oh=00_AT8fBQi09fM_3afUuszmeqhREqy9pnYSaS1MADjYNBREWw&oe=62419244&_nc_sid=705020,yang.wahwah,https://www.instagram.com/yang.wahwah,‚ù§Ô∏è‚ù§Ô∏è,0,0,2021-11-26T12:57:21.000Z,17883026660552267,1907266283,2022-03-22T13:08:02.782Z,https://www.instagram.com/p/CWvCVDUB8Wm/,
https://scontent-lga3-2.cdninstagram.com/v/t51.2885-19/269593062_597844001518261_2730540986078802708_n.jpg?stp=dst-jpg_s150x150&_nc_ht=scontent-lga3-2.cdninstagram.com&_nc_cat=101&_nc_ohc=4PAd4ScwOHoAX_rq88C&edm=AId3EpQBAAAA&ccb=7-4&oh=00_AT9PkOIOCE1ybPJqanPdNd91PfoRV5a6ih3YCQR5JyhBPQ&oe=62412464&_nc_sid=705020,at.tirmidhi,https://www.instagram.com/at.tirmidhi,@yulia_affandi @oyzdenson,0,0,2021-11-23T04:18:54.000Z,18113151763262131,43017133122,2022-03-22T13:08:04.270Z,https://www.instagram.com/p/CWmqwyRsFe1/,
https://scontent-lga3-2.cdninstagram.com/v/t51.2885-19/270244077_339154061067327_6582248502945318391_n.jpg?stp=dst-jpg_s150x150&_nc_ht=scontent-lga3-2.cdninstagram.com&_nc_cat=103&_nc_ohc=L1-tdG5jKVsAX9MTzvT&tn=ZFtC9Yvb7edAefGk&edm=AId3EpQBAAAA&ccb=7-4&oh=00_AT_t7eNTYIcvYnMaOh8S0MeE6q1_b_NlAw3nTFUtAFj4IA&oe=6241364B&_nc_sid=705020,socialwork_diary,https://www.instagram.com/socialwork_diary,üëèüëè,0,0,2021-12-29T02:41:23.000Z,17902356281431870,47389352530,2022-03-22T13:08:06.674Z,https://www.instagram.com/p/CWSEYQqs1K5/,
https://scontent-lga3-2.cdninstagram.com/v/t51.2885-19/274483797_1690394837979375_2913908869760486020_n.jpg?stp=dst-jpg_s150x150&_nc_ht=scontent-lga3-2.cdninstagram.com&_nc_cat=103&_nc_ohc=nyUBx_egZvsAX8HU7-_&tn=ZFtC9Yvb7edAefGk&edm=AId3EpQBAAAA&ccb=7-4&oh=00_AT-BRwR3zKW8YRRrJRwrCXgbaFwVuNb01Y5ukmmz9y08ig&oe=6240D5B9&_nc_sid=705020,rabianasirmahmood,https://www.instagram.com/rabianasirmahmood,Happy to know,0,0,2021-11-27T11:00:00.000Z,17869959713620419,1473795156,2022-03-22T13:08:06.674Z,https://www.instagram.com/p/CWSEYQqs1K5/,
https://scontent-lga3-2.cdninstagram.com/v/t51.2885-19/21433525_506825343002254_346081773152632832_a.jpg?stp=dst-jpg_s150x150&_nc_ht=scontent-lga3-2.cdninstagram.com&_nc_cat=110&_nc_ohc=xTjFlnOfJ9MAX9rkRpA&edm=AId3EpQBAAAA&ccb=7-4&oh=00_AT_b0rPDKihuMIEWC35fBtBf-kHzy0sPJcoJTIjoABY46g&oe=62400C73&_nc_sid=705020,singaporefashionrunway,https://www.instagram.com/singaporefashionrunway,Thank you @msfcares for your big heart and opportunity for our youth Casey Ng!!! Love love love the stamp!!,1,0,2021-11-18T16:57:29.000Z,17917020953097926,2071327623,2022-03-22T13:08:06.674Z,https://www.instagram.com/p/CWSEYQqs1K5/,
https://scontent-lga3-2.cdninstagram.com/v/t51.2885-19/248274982_603952247699773_6328322726067369236_n.jpg?stp=dst-jpg_s150x150&_nc_ht=scontent-lga3-2.cdninstagram.com&_nc_cat=101&_nc_ohc=Ax-igow6otoAX9jSS9i&tn=ZFtC9Yvb7edAefGk&edm=AId3EpQBAAAA&ccb=7-4&oh=00_AT_VDc81Fn8XGDchgsQkOp6AgVOlgts32LhcxqRdUHHoPw&oe=62410C3F&_nc_sid=705020,dorischiadoris,https://www.instagram.com/dorischiadoris,üòÇüòÇ,0,0,2021-11-14T03:29:47.000Z,17938183114727481,33763782995,2022-03-22T13:08:08.602Z,https://www.instagram.com/p/CWKV9hlLE31/,
https://scontent-lga3-2.cdninstagram.com/v/t51.2885-19/248274982_603952247699773_6328322726067369236_n.jpg?stp=dst-jpg_s150x150&_nc_ht=scontent-lga3-2.cdninstagram.com&_nc_cat=101&_nc_ohc=Ax-igow6otoAX9jSS9i&tn=ZFtC9Yvb7edAefGk&edm=AId3EpQBAAAA&ccb=7-4&oh=00_AT_VDc81Fn8XGDchgsQkOp6AgVOlgts32LhcxqRdUHHoPw&oe=62410C3F&_nc_sid=705020,dorischiadoris,https://www.instagram.com/dorischiadoris,I am cancer patient.  Have stopped working for 2yrs. But now I have recover under medication üíä. I fee like going to work at hospital again? At medical report office.  And I can't decided? A bit like dont know how.,0,0,2021-11-14T03:29:11.000Z,18242292349077803,33763782995,2022-03-22T13:08:08.602Z,https://www.instagram.com/p/CWKV9hlLE31/,
,,,,,,,,,2022-03-22T13:08:09.215Z,https://www.instagram.com/p/CWFMVK5hoxa/,No comments found
https://scontent-lga3-2.cdninstagram.com/v/t51.2885-19/11910025_400186346853402_1836002075_a.jpg?stp=dst-jpg_s150x150&_nc_ht=scontent-lga3-2.cdninstagram.com&_nc_cat=106&_nc_ohc=lzdxwGPvIzEAX_wCKL7&edm=AId3EpQBAAAA&ccb=7-4&oh=00_AT8nuo2vS8JA07dZXtouytymYxJ8TFVPRow9RqqWJ3Cp2g&oe=6240CCB1&_nc_sid=705020,dr.dayanand,https://www.instagram.com/dr.dayanand,‡Æá‡Æ©‡Æø‡ÆØ ‡Æ§‡ØÄ‡Æ™‡Ææ‡Æµ‡Æ≥‡Æø ‡Æ®‡Æ≤‡Øç‡Æµ‡Ææ‡Æ¥‡Øç‡Æ§‡Øç‡Æ§‡ØÅ‡Æï‡Øç‡Æï‡Æ≥‡Øç,0,0,2021-11-04T05:04:35.000Z,18176947000082832,2157384556,2022-03-22T13:08:12.325Z,https://www.instagram.com/p/CV1iBzIFq00/,
,,,,,,,,,2022-03-22T13:08:13.001Z,https://www.instagram.com/p/CVop4hbvyoZ/,No comments found
https://scontent-lga3-2.cdninstagram.com/v/t51.2885-19/267667015_280129257487511_230671527643018705_n.jpg?stp=dst-jpg_s150x150&_nc_ht=scontent-lga3-2.cdninstagram.com&_nc_cat=111&_nc_ohc=jNAi2QKQmUYAX8BoqD6&edm=AId3EpQBAAAA&ccb=7-4&oh=00_AT-rL34ZvPbWH1uFF3xaNnZ8l3IOaxczfxtZHNjb2gDcEw&oe=624053E5&_nc_sid=705020,dylantjl,https://www.instagram.com/dylantjl,üî•üëè,0,0,2021-10-22T13:28:13.000Z,17871392195603377,329531964,2022-03-22T13:08:15.959Z,https://www.instagram.com/p/CVQAKsxvmgv/,
https://scontent-lga3-2.cdninstagram.com/v/t51.2885-19/271646585_253716453415939_6035731647714994636_n.jpg?stp=dst-jpg_s150x150&_nc_ht=scontent-lga3-2.cdninstagram.com&_nc_cat=107&_nc_ohc=E7gYRsfcrpwAX_x-qSO&edm=AId3EpQBAAAA&ccb=7-4&oh=00_AT9FO5nvn1g0wRekvfaOEQ3aAFBMP8xVfVSEYZhUPEWXew&oe=6240B030&_nc_sid=705020,mark_frankly_hercules,https://www.instagram.com/mark_frankly_hercules,‚ù§Ô∏è‚ù§Ô∏è,0,0,2021-10-21T21:10:39.000Z,18206766061099177,50208938838,2022-03-22T13:08:15.959Z,https://www.instagram.com/p/CVQAKsxvmgv/,
https://scontent-lga3-2.cdninstagram.com/v/t51.2885-19/238861174_371249698007986_1622001109466496595_n.jpg?stp=dst-jpg_s150x150&_nc_ht=scontent-lga3-2.cdninstagram.com&_nc_cat=110&_nc_ohc=amgATFJcL9sAX8x8Q_f&edm=AId3EpQBAAAA&ccb=7-4&oh=00_AT9zaQLBJQhsKetyR57v6EKM9wb7epEO7nmTC-TuOZI6Gg&oe=62401B69&_nc_sid=705020,rahmatmatt_,https://www.instagram.com/rahmatmatt_,"Ladies and gentlemen, our neighbourhood hero, right hereüôèüèªüëèüèªüëèüèªüëèüèª",2,0,2021-10-21T12:11:18.000Z,17925808789780859,223018121,2022-03-22T13:08:15.959Z,https://www.instagram.com/p/CVQAKsxvmgv/,
https://scontent-lga3-2.cdninstagram.com/v/t51.2885-19/36692605_1949492738674278_838532235001856_n.jpg?stp=dst-jpg_s150x150&_nc_ht=scontent-lga3-2.cdninstagram.com&_nc_cat=106&_nc_ohc=GhjtmONPfgMAX_8YvY5&tn=ZFtC9Yvb7edAefGk&edm=AId3EpQBAAAA&ccb=7-4&oh=00_AT__WQy4Aj0UKjpZLO_pq1HY1QBcWKdOrvZXMN8wA1ITkA&oe=6240383F&_nc_sid=705020,hcsacommunityservices,https://www.instagram.com/hcsacommunityservices,So heartening to see the kampung spirit alive even in these tough times ‚ò∫‚ù§,1,0,2021-10-21T12:04:50.000Z,18101231389275029,8227003110,2022-03-22T13:08:15.959Z,https://www.instagram.com/p/CVQAKsxvmgv/,
https://scontent-lga3-2.cdninstagram.com/v/t51.2885-19/120185356_1592509190959505_8002565604515704324_n.jpg?stp=dst-jpg_s150x150&_nc_ht=scontent-lga3-2.cdninstagram.com&_nc_cat=105&_nc_ohc=uxD59kJPJdgAX9geOZg&edm=AId3EpQBAAAA&ccb=7-4&oh=00_AT_XlZAdrQIYGdh8TKAXcYsSmj5QbLtOrpvQrfO2qVW6DQ&oe=62412A1C&_nc_sid=705020,boystownsg,https://www.instagram.com/boystownsg,üòçüòçüòç,0,0,2021-10-13T09:54:02.000Z,17908347017164030,42973311022,2022-03-22T13:08:18.400Z,https://www.instagram.com/p/CU9GJzDBpqe/,
https://scontent-lga3-2.cdninstagram.com/v/t51.2885-19/92337155_1553288741504366_2518972613724733440_n.jpg?stp=dst-jpg_s150x150&_nc_ht=scontent-lga3-2.cdninstagram.com&_nc_cat=102&_nc_ohc=pSTjd83QvUIAX8vwNce&edm=AId3EpQBAAAA&ccb=7-4&oh=00_AT9yfv_v6od6TaJy7WbGbTaTPxuxQ6s41mTgFQbDgUnrlA&oe=6241860F&_nc_sid=705020,boystown.fosteringservices,https://www.instagram.com/boystown.fosteringservices,‚ù§Ô∏è,1,0,2021-10-13T04:11:13.000Z,18206011798105556,32954959953,2022-03-22T13:08:18.400Z,https://www.instagram.com/p/CU9GJzDBpqe/,
https://scontent-lga3-2.cdninstagram.com/v/t51.2885-19/269760721_134293215679970_5901285958319797906_n.jpg?stp=dst-jpg_s150x150&_nc_ht=scontent-lga3-2.cdninstagram.com&_nc_cat=102&_nc_ohc=S2IjAWxQph0AX-c2l1o&edm=AId3EpQBAAAA&ccb=7-4&oh=00_AT9VnxuChw92287oZ58mkv48B8lbFRh-UtLg8NxARfWSNQ&oe=624041E3&_nc_sid=705020,tanga531,https://www.instagram.com/tanga531,‚ù§Ô∏è‚ù§Ô∏è,0,0,2021-09-26T10:37:57.000Z,18007091674353233,2305406206,2022-03-22T13:08:19.948Z,https://www.instagram.com/p/CUOiISjgpmx/,
,,,,,,,,,2022-03-22T13:08:20.794Z,https://www.instagram.com/p/CUHBZVsMg0O/,No comments found
https://scontent-lga3-2.cdninstagram.com/v/t51.2885-19/272254719_675241743650510_4303588391281235876_n.jpg?stp=dst-jpg_s150x150&_nc_ht=scontent-lga3-2.cdninstagram.com&_nc_cat=102&_nc_ohc=4KKM-rjkLKgAX8BtyYj&tn=ZFtC9Yvb7edAefGk&edm=AId3EpQBAAAA&ccb=7-4&oh=00_AT8kk90PStocWeM8UG5IYgsfhUzQn2wWxJp0Uw9eqJmxOQ&oe=62411FBC&_nc_sid=705020,allieinthejingy,https://www.instagram.com/allieinthejingy,üëè,0,0,2021-09-01T06:20:41.000Z,17869753526559747,44986354527,2022-03-22T13:08:21.985Z,https://www.instagram.com/p/CTQ8u-dp-m2/,
,,,,,,,,,2022-03-22T13:08:24.897Z,https://www.instagram.com/p/CSyDRXGNiZR/,No comments found
https://scontent-lga3-2.cdninstagram.com/v/t51.2885-19/201825244_478071769960104_9174601361150490687_n.jpg?stp=dst-jpg_s150x150&_nc_ht=scontent-lga3-2.cdninstagram.com&_nc_cat=100&_nc_ohc=Tx3_R1OU3dcAX886gA9&edm=AId3EpQBAAAA&ccb=7-4&oh=00_AT8AFlEX0bhRBea8xeKEF08LfARQp6vfFJDd2PVkHvnXEw&oe=6240E60D&_nc_sid=705020,amahle__linathi,https://www.instagram.com/amahle__linathi,"I am overwhelmed with joy right now, I can now pay my bills and take good care of my family, thank you for bringing happiness to my home and with just an investment of S$7,000 I got back S$75,000  my profits in 6 days I am much excited @romangrigory17_",0,0,2021-08-15T17:52:14.000Z,17906584105969590,43635003368,2022-03-22T13:08:26.685Z,https://www.instagram.com/p/CSjd_msB5e2/,
https://scontent-lga3-2.cdninstagram.com/v/t51.2885-19/120212408_2458664844430957_5809544566201774513_n.jpg?stp=dst-jpg_s150x150&_nc_ht=scontent-lga3-2.cdninstagram.com&_nc_cat=101&_nc_ohc=nFlPIEj_NOUAX_3zPY1&edm=AId3EpQBAAAA&ccb=7-4&oh=00_AT9ysVLSiBKBhRGT_RCAZBY7Qefm-kuI_fzXFGVTxYhFDw&oe=62413851&_nc_sid=705020,mindline.sg,https://www.instagram.com/mindline.sg,‚ù§Ô∏è,0,0,2021-08-15T07:19:30.000Z,18010431895336201,42423301794,2022-03-22T13:08:26.685Z,https://www.instagram.com/p/CSjd_msB5e2/,
https://scontent-lga3-2.cdninstagram.com/v/t51.2885-19/196568919_555206015644198_7294408578969727385_n.jpg?stp=dst-jpg_s150x150&_nc_ht=scontent-lga3-2.cdninstagram.com&_nc_cat=110&_nc_ohc=In-tkGztMPQAX9G2LXC&edm=AId3EpQBAAAA&ccb=7-4&oh=00_AT98Tz-0I0idE3xTaQj-9uoBVYrnXtUugjgoF5uIZkpVsQ&oe=62400439&_nc_sid=705020,layhongteam16,https://www.instagram.com/layhongteam16,üëèüëèüëè,0,0,2021-08-15T04:58:37.000Z,17890500665351216,3182439784,2022-03-22T13:08:26.685Z,https://www.instagram.com/p/CSjd_msB5e2/,
https://scontent-lga3-2.cdninstagram.com/v/t51.2885-19/21433525_506825343002254_346081773152632832_a.jpg?stp=dst-jpg_s150x150&_nc_ht=scontent-lga3-2.cdninstagram.com&_nc_cat=110&_nc_ohc=xTjFlnOfJ9MAX9rkRpA&edm=AId3EpQBAAAA&ccb=7-4&oh=00_AT_b0rPDKihuMIEWC35fBtBf-kHzy0sPJcoJTIjoABY46g&oe=62400C73&_nc_sid=705020,singaporefashionrunway,https://www.instagram.com/singaporefashionrunway,Thank you @msfcares @imablecollective for this opportunity for our youths and families of @singaporefashionrunway to design and sew the Celebrating SG Women Collection for the nation! It means a lot to all of us and is our honour too. Do hope more people can suppprt this initiative at www.singaporefashionrunway.com,0,0,2021-08-11T23:45:13.000Z,17897258753236811,2071327623,2022-03-22T13:08:28.979Z,https://www.instagram.com/p/CSYTRGUsxLY/,
https://scontent-lga3-2.cdninstagram.com/v/t51.2885-19/127409520_695702794328789_3753797403165042900_n.jpg?stp=dst-jpg_s150x150&_nc_ht=scontent-lga3-2.cdninstagram.com&_nc_cat=105&_nc_ohc=pwWTlfsyqSAAX-6etIF&edm=AId3EpQBAAAA&ccb=7-4&oh=00_AT85uiGhBB8cik4LYmPETAhxSNKNuVXP7IUFrVOh6iFpmQ&oe=624092F3&_nc_sid=705020,imablecollective,https://www.instagram.com/imablecollective,Thank you @msfcares for your lovely sharing about our collaboration to commemorate the Year of Celebrating SG Women. We are proud to be a part of this meaningful project and thankful to have this opportunity to showcase the many talents of our makers.,0,0,2021-08-11T03:18:06.000Z,18185100367138099,40642704896,2022-03-22T13:08:28.979Z,https://www.instagram.com/p/CSYTRGUsxLY/,
,,,,,,,,,2022-03-22T13:08:29.664Z,https://www.instagram.com/p/CSVg-UaBJLk/,No comments found
https://scontent-lga3-2.cdninstagram.com/v/t51.2885-19/274676524_1321406231695028_1626642893596951804_n.jpg?stp=dst-jpg_s150x150&_nc_ht=scontent-lga3-2.cdninstagram.com&_nc_cat=108&_nc_ohc=i-IQS5wkW4AAX-zApoA&edm=AId3EpQBAAAA&ccb=7-4&oh=00_AT9IwLbldeV5gpE1iXhMoFQZJ8XKs14iAefmSpiH95cO6g&oe=6241580E&_nc_sid=705020,l._nhn,https://www.instagram.com/l._nhn,If I volunteer also will end up famous?,0,0,2021-07-12T13:52:53.000Z,17888005622207607,48627240106,2022-03-22T13:08:34.668Z,https://www.instagram.com/p/CRNoNrTM-E5/,
https://scontent-lga3-2.cdninstagram.com/v/t51.2885-19/275633696_374371394693089_7133785662905060088_n.jpg?stp=dst-jpg_s150x150&_nc_ht=scontent-lga3-2.cdninstagram.com&_nc_cat=101&_nc_ohc=5bep5YQmbcAAX92cRQG&edm=AId3EpQBAAAA&ccb=7-4&oh=00_AT_cA5patfo-ELIpnqbbz3VbXlVJHFrAm4exgb7wci944Q&oe=624180CC&_nc_sid=705020,msfcares,https://www.instagram.com/msfcares,"Hi princesskool, if you are thinking of volunteering to help those in need, you may sign up here: https://go.gov.sg/volunteerwithmsf",1,0,2021-07-12T06:15:00.000Z,17903252669063235,1993519912,2022-03-22T13:08:34.668Z,https://www.instagram.com/p/CRNoNrTM-E5/,
https://scontent-lga3-2.cdninstagram.com/v/t51.2885-19/251582743_274471264449400_4358465613760705433_n.jpg?stp=dst-jpg_s150x150&_nc_ht=scontent-lga3-2.cdninstagram.com&_nc_cat=104&_nc_ohc=rZWK5cv184MAX9gi0Me&edm=AId3EpQBAAAA&ccb=7-4&oh=00_AT_K9lV491HOT8FTPOJp-GEcIEaPhNdi6CgtfcqWlTzvVg&oe=6240182A&_nc_sid=705020,princesskool,https://www.instagram.com/princesskool,I also have some family issues can I take part in this? Believe wif my current situation I'll b able to understand more or better,0,0,2021-07-12T04:47:17.000Z,17919660154780538,44505901795,2022-03-22T13:08:34.668Z,https://www.instagram.com/p/CRNoNrTM-E5/,
https://scontent-lga3-2.cdninstagram.com/v/t51.2885-19/128436346_711079116169477_5504969916727799424_n.jpg?stp=dst-jpg_s150x150&_nc_ht=scontent-lga3-2.cdninstagram.com&_nc_cat=101&_nc_ohc=qCrcZdup37sAX-s0G0m&edm=AId3EpQBAAAA&ccb=7-4&oh=00_AT9y8it8HltDbsQFDYnjp18MfWRU-57vz0rQeWo5TFjGew&oe=624117EC&_nc_sid=705020,daughtersoftomorrow,https://www.instagram.com/daughtersoftomorrow,Amazing feat üëè,0,0,2021-06-29T06:28:48.000Z,17890167131246833,3962903522,2022-03-22T13:08:36.952Z,https://www.instagram.com/p/CQqcDgAhU0l/,
https://scontent-lga3-2.cdninstagram.com/v/t51.2885-19/128436346_711079116169477_5504969916727799424_n.jpg?stp=dst-jpg_s150x150&_nc_ht=scontent-lga3-2.cdninstagram.com&_nc_cat=101&_nc_ohc=qCrcZdup37sAX-s0G0m&edm=AId3EpQBAAAA&ccb=7-4&oh=00_AT9y8it8HltDbsQFDYnjp18MfWRU-57vz0rQeWo5TFjGew&oe=624117EC&_nc_sid=705020,daughtersoftomorrow,https://www.instagram.com/daughtersoftomorrow,Amazing feat üëè,1,0,2021-06-29T06:28:28.000Z,17891547923193805,3962903522,2022-03-22T13:08:36.952Z,https://www.instagram.com/p/CQqcDgAhU0l/,
https://scontent-lga3-2.cdninstagram.com/v/t51.2885-19/11226776_481713855319247_1878690493_a.jpg?_nc_ht=scontent-lga3-2.cdninstagram.com&_nc_cat=111&_nc_ohc=BKwtnCeepAEAX8A62vq&tn=ZFtC9Yvb7edAefGk&edm=AId3EpQBAAAA&ccb=7-4&oh=00_AT8fBQi09fM_3afUuszmeqhREqy9pnYSaS1MADjYNBREWw&oe=62419244&_nc_sid=705020,yang.wahwah,https://www.instagram.com/yang.wahwah,üôå‚ù§Ô∏è,0,0,2021-04-29T23:13:40.000Z,17870818925492976,1907266283,2022-03-22T13:08:45.989Z,https://www.instagram.com/p/COKyuJEsqnk/,
https://scontent-lga3-2.cdninstagram.com/v/t51.2885-19/153588394_734642983923020_7552072605074935175_n.jpg?stp=dst-jpg_s150x150&_nc_ht=scontent-lga3-2.cdninstagram.com&_nc_cat=108&_nc_ohc=AhqQIUScSFYAX9FTunk&edm=AId3EpQBAAAA&ccb=7-4&oh=00_AT-fd8Iu6xgzdMpTDG3usNPlRGeAcCsvB0gtdHY8GE9dLQ&oe=62403FFE&_nc_sid=705020,weilingwee,https://www.instagram.com/weilingwee,üëèüëèüëè,0,0,2021-04-28T04:46:03.000Z,17858453837522717,7104315816,2022-03-22T13:08:45.989Z,https://www.instagram.com/p/COKyuJEsqnk/,
https://scontent-lga3-2.cdninstagram.com/v/t51.2885-19/148814003_114121217327188_2919547051386069641_n.jpg?stp=dst-jpg_s150x150&_nc_ht=scontent-lga3-2.cdninstagram.com&_nc_cat=104&_nc_ohc=JdKea3CrhwIAX_ULF8F&tn=ZFtC9Yvb7edAefGk&edm=AId3EpQBAAAA&ccb=7-4&oh=00_AT8ZoTrpD52vH9YmEYKympmEb073NnKmzB9ti5Q9D4eM_g&oe=62412ADC&_nc_sid=705020,andrewong2024,https://www.instagram.com/andrewong2024,Wow! Well done Jasper!,0,0,2021-04-28T01:29:04.000Z,17924125585591971,4416891,2022-03-22T13:08:45.989Z,https://www.instagram.com/p/COKyuJEsqnk/,
https://scontent-lga3-2.cdninstagram.com/v/t51.2885-19/133907823_735364104050808_3215080848045835112_n.jpg?stp=dst-jpg_s150x150&_nc_ht=scontent-lga3-2.cdninstagram.com&_nc_cat=100&_nc_ohc=EbZlm62biA0AX_bqwXp&edm=AId3EpQBAAAA&ccb=7-4&oh=00_AT99evedrZhybL5jkhThfLFO9gE50sItr1Xx7RESkrtWVg&oe=62409B61&_nc_sid=705020,gavinlohwenjin,https://www.instagram.com/gavinlohwenjin,Inspiring story by Jasper üòä,0,0,2021-04-28T00:38:15.000Z,17875306454295505,3634387786,2022-03-22T13:08:45.989Z,https://www.instagram.com/p/COKyuJEsqnk/,
https://scontent-lga3-2.cdninstagram.com/v/t51.2885-19/168045211_889675828548172_200288390151126697_n.jpg?stp=dst-jpg_s150x150&_nc_ht=scontent-lga3-2.cdninstagram.com&_nc_cat=104&_nc_ohc=-D7Y0xfH2WYAX-wTeH_&edm=AId3EpQBAAAA&ccb=7-4&oh=00_AT_jhwpogBuYtWaBEBXpNHmCAN1kfuGB-oqQ0272VjE4Uw&oe=624032A9&_nc_sid=705020,cadenchen0809,https://www.instagram.com/cadenchen0809,Trrrr,0,0,2021-04-03T01:04:13.000Z,17864959262500274,8681128056,2022-03-22T13:08:49.696Z,https://www.instagram.com/p/CNJj6uiJ3MC/,
https://scontent-lga3-2.cdninstagram.com/v/t51.2885-19/17663651_2107464899479823_7623816178762252288_a.jpg?stp=dst-jpg_s150x150&_nc_ht=scontent-lga3-2.cdninstagram.com&_nc_cat=111&_nc_ohc=5aS2YiosyxEAX-3KJEQ&edm=AId3EpQBAAAA&ccb=7-4&oh=00_AT-UJ8ytM8-7IBonpwCBkkdiim1SxwUPLX3siSFy_xXl8Q&oe=6240CC04&_nc_sid=705020,pujapatki,https://www.instagram.com/pujapatki,‚ù§Ô∏è,0,0,2021-03-21T16:34:01.000Z,17865156449362508,5003616893,2022-03-22T13:08:52.226Z,https://www.instagram.com/p/CMqVv-8Lr4X/,
https://scontent-lga3-2.cdninstagram.com/v/t51.2885-19/128436346_711079116169477_5504969916727799424_n.jpg?stp=dst-jpg_s150x150&_nc_ht=scontent-lga3-2.cdninstagram.com&_nc_cat=101&_nc_ohc=qCrcZdup37sAX-s0G0m&edm=AId3EpQBAAAA&ccb=7-4&oh=00_AT9y8it8HltDbsQFDYnjp18MfWRU-57vz0rQeWo5TFjGew&oe=624117EC&_nc_sid=705020,daughtersoftomorrow,https://www.instagram.com/daughtersoftomorrow,Happy #IWD2021 ‚ù§Ô∏èüôå,1,0,2021-03-08T09:29:14.000Z,17863672058364766,3962903522,2022-03-22T13:08:56.273Z,https://www.instagram.com/p/CMJtV8pnDv6/,
,,,,,,,,,2022-03-22T13:08:57.003Z,https://www.instagram.com/p/CLQVDkVBEWE/,No comments found
,,,,,,,,,2022-03-22T13:08:57.222Z,https://www.instagram.com/p/CLQU8k1H_qz/,No comments found
,,,,,,,,,2022-03-22T13:08:59.275Z,https://www.instagram.com/p/CLNv-4WFdx5/,No comments found
https://scontent-lga3-2.cdninstagram.com/v/t51.2885-19/30604020_236698040210750_5259496111776727040_n.jpg?stp=dst-jpg_s150x150&_nc_ht=scontent-lga3-2.cdninstagram.com&_nc_cat=102&_nc_ohc=EBMEMPnK_DIAX-KOSiN&edm=AId3EpQBAAAA&ccb=7-4&oh=00_AT_bI1qgWbHuLbW0wPpMxU97bZOfzg0_0hJZ3l7gBsWsUQ&oe=62405843&_nc_sid=705020,chris1605_soon,https://www.instagram.com/chris1605_soon,‚ù§Ô∏è,0,0,2021-02-10T14:36:18.000Z,18119202181169179,1627690823,2022-03-22T13:09:00.700Z,https://www.instagram.com/p/CLGPYzXA4_y/,
,,,,,,,,,2022-03-22T13:09:03.663Z,https://www.instagram.com/p/CKqeTvIn8rS/,No comments found
,,,,,,,,,2022-03-22T13:09:03.851Z,https://www.instagram.com/p/CKqeQkAHh3I/,No comments found
,,,,,,,,,2022-03-22T13:09:04.095Z,https://www.instagram.com/p/CKqeLQKnbXw/,No comments found
,,,,,,,,,2022-03-22T13:09:04.306Z,https://www.instagram.com/p/CKqeEJ-nIie/,No comments found
,,,,,,,,,2022-03-22T13:09:04.525Z,https://www.instagram.com/p/CKqd8KAHlOT/,No comments found
,,,,,,,,,2022-03-22T13:09:04.732Z,https://www.instagram.com/p/CKqd3pjH6xz/,No comments found
,,,,,,,,,2022-03-22T13:09:07.476Z,https://www.instagram.com/p/CKVWekiHDWt/,No comments found
https://scontent-lga3-2.cdninstagram.com/v/t51.2885-19/30604366_201754383945352_8709950452290027520_n.jpg?stp=dst-jpg_s150x150&_nc_ht=scontent-lga3-2.cdninstagram.com&_nc_cat=104&_nc_ohc=6bTKYpcwNmkAX-cNdps&edm=AId3EpQBAAAA&ccb=7-4&oh=00_AT_UxDgiwh99upjdTO8lKoKtVT6CY3nmAe-2lQ5IyV6lmQ&oe=62403C76&_nc_sid=705020,emerson.gideon,https://www.instagram.com/emerson.gideon,üëçüèªüëçüèªüëçüèª,0,0,2020-12-30T19:48:45.000Z,17871670577112687,265321327,2022-03-22T13:09:10.161Z,https://www.instagram.com/p/CJaGBHqj8yS/,
,,,,,,,,,2022-03-22T13:09:10.923Z,https://www.instagram.com/p/CJNFzULHg9j/,No comments found
https://scontent-lga3-2.cdninstagram.com/v/t51.2885-19/259708293_854866631856144_1322612405677692238_n.jpg?stp=dst-jpg_s150x150&_nc_ht=scontent-lga3-2.cdninstagram.com&_nc_cat=100&_nc_ohc=w-lOiNBwEgAAX-oXc6Z&edm=AId3EpQBAAAA&ccb=7-4&oh=00_AT-y3E9QHS78RzrEm_TE84Xl45qepta47Xe6rwzVdZsfoA&oe=62414B69&_nc_sid=705020,willandwell,https://www.instagram.com/willandwell,‚ô•Ô∏è‚ô•Ô∏è‚ô•Ô∏è,0,0,2020-12-24T09:48:23.000Z,18140671048124368,4166370970,2022-03-22T13:09:12.401Z,https://www.instagram.com/p/CJKpLqAgQZ0/,
https://scontent-lga3-2.cdninstagram.com/v/t51.2885-19/117153156_144033597352299_4040817182160365784_n.jpg?stp=dst-jpg_s150x150&_nc_ht=scontent-lga3-2.cdninstagram.com&_nc_cat=103&_nc_ohc=Gn_nAIk8PuUAX-skZ7B&edm=AId3EpQBAAAA&ccb=7-4&oh=00_AT-OeONPmjzr49ooDDUcCdOuxoD8DzWJ6yMvoHTDs7jcBw&oe=623FFE30&_nc_sid=705020,sonofagn,https://www.instagram.com/sonofagn,This is so excellent!,0,0,2020-12-24T06:40:59.000Z,17961618502371189,1611965651,2022-03-22T13:09:12.401Z,https://www.instagram.com/p/CJKpLqAgQZ0/,
,,,,,,,,,2022-03-22T13:09:13.570Z,https://www.instagram.com/p/CI7Me6OlAUW/,No comments found
,,,,,,,,,2022-03-22T13:09:13.876Z,https://www.instagram.com/p/CIxl6SHngBD/,No comments found
https://scontent-lga3-2.cdninstagram.com/v/t51.2885-19/268932609_881594602537299_1393722379126649180_n.jpg?stp=dst-jpg_s150x150&_nc_ht=scontent-lga3-2.cdninstagram.com&_nc_cat=103&_nc_ohc=BBwjs2Q2CRAAX8kSrxe&edm=AId3EpQBAAAA&ccb=7-4&oh=00_AT8m38kRkhJ2lJwq5P1v76Q63S-ETcQFNtc6cJmpLp887Q&oe=62406B29&_nc_sid=705020,ysa.sg,https://www.instagram.com/ysa.sg,‚ù§Ô∏èüôè,0,0,2020-12-07T07:10:17.000Z,17868712499104901,4459630701,2022-03-22T13:09:15.297Z,https://www.instagram.com/p/CIe3rz9HMJK/,
,,,,,,,,,2022-03-22T13:09:15.983Z,https://www.instagram.com/p/CIXJWg5JyMF/,No comments found
,,,,,,,,,2022-03-22T13:09:16.298Z,https://www.instagram.com/p/CIUkeVXhOpM/,No comments found
https://scontent-lga3-2.cdninstagram.com/v/t51.2885-19/274393599_1547574785643504_8850566000717628622_n.jpg?stp=dst-jpg_s150x150&_nc_ht=scontent-lga3-2.cdninstagram.com&_nc_cat=100&_nc_ohc=Z-_bF6IYzlQAX87yAAW&edm=AId3EpQBAAAA&ccb=7-4&oh=00_AT9EkTk_KOKog3XfeB-OwdXMp9riM9N9niw3uIs4kBj4JQ&oe=624157CE&_nc_sid=705020,starreyniqhtss,https://www.instagram.com/starreyniqhtss,omg #msfcaresüíú,0,0,2020-12-11T09:55:44.000Z,18178229374028820,6798460260,2022-03-22T13:09:17.889Z,https://www.instagram.com/p/CINEa10DTLC/,
https://scontent-lga3-2.cdninstagram.com/v/t51.2885-19/274393599_1547574785643504_8850566000717628622_n.jpg?stp=dst-jpg_s150x150&_nc_ht=scontent-lga3-2.cdninstagram.com&_nc_cat=100&_nc_ohc=Z-_bF6IYzlQAX87yAAW&edm=AId3EpQBAAAA&ccb=7-4&oh=00_AT9EkTk_KOKog3XfeB-OwdXMp9riM9N9niw3uIs4kBj4JQ&oe=624157CE&_nc_sid=705020,starreyniqhtss,https://www.instagram.com/starreyniqhtss,"yup but reporting won't make a difference either, it has been proven multiple times that it only makes the situation worse üòî",0,0,2020-12-11T09:56:20.000Z,17882315896919270,6798460260,2022-03-22T13:09:20.026Z,https://www.instagram.com/p/CHzGOq9Doi8/,
,,,,,,,,,2022-03-22T13:09:20.694Z,https://www.instagram.com/p/CHjbtk4HKqj/,No comments found
https://scontent-lga3-2.cdninstagram.com/v/t51.2885-19/180900037_494947334965463_8998763738328542896_n.jpg?stp=dst-jpg_s150x150&_nc_ht=scontent-lga3-2.cdninstagram.com&_nc_cat=111&_nc_ohc=AUtA3E2cWtsAX-dQgMp&edm=AId3EpQBAAAA&ccb=7-4&oh=00_AT80o70VPE6oUr06qUN0PDU5CGjW5xbEr4gdVjMWxrCt1Q&oe=6241B253&_nc_sid=705020,junjie906_,https://www.instagram.com/junjie906_,Hi what about help for verbal abuse,0,0,2020-11-14T14:58:13.000Z,18127520122183014,1266276692,2022-03-22T13:09:22.082Z,https://www.instagram.com/p/CHWxe4QHE1g/,
,,,,,,,,,2022-03-22T13:09:22.833Z,https://www.instagram.com/p/CHEv6HoAMP2/,No comments found
https://scontent-lga3-2.cdninstagram.com/v/t51.2885-19/276139827_641483976938997_5381794929754201035_n.jpg?stp=dst-jpg_s150x150&_nc_ht=scontent-lga3-2.cdninstagram.com&_nc_cat=109&_nc_ohc=FzS1dbCZUEYAX-z3M45&edm=AId3EpQBAAAA&ccb=7-4&oh=00_AT9r-Lqw9hAQlDMRbw40zZF4e3CHhuM7-9NbTdeoCK0zGw&oe=62401925&_nc_sid=705020,aisyahsafuan,https://www.instagram.com/aisyahsafuan,@barelybellybelleart üòä,0,0,2020-11-02T03:08:27.000Z,17861504450176677,16350690,2022-03-22T13:09:24.351Z,https://www.instagram.com/p/CG360rjn-1p/,
https://scontent-lga3-2.cdninstagram.com/v/t51.2885-19/275633696_374371394693089_7133785662905060088_n.jpg?stp=dst-jpg_s150x150&_nc_ht=scontent-lga3-2.cdninstagram.com&_nc_cat=101&_nc_ohc=5bep5YQmbcAAX92cRQG&edm=AId3EpQBAAAA&ccb=7-4&oh=00_AT_cA5patfo-ELIpnqbbz3VbXlVJHFrAm4exgb7wci944Q&oe=624180CC&_nc_sid=705020,msfcares,https://www.instagram.com/msfcares,#QOTD #wellnesswednesday #mentalhealth #mentalhealthquotes #mentalhealthmatters #mentalhealthawareness,0,0,2020-10-28T04:34:01.000Z,17911539718518282,1993519912,2022-03-22T13:09:24.351Z,https://www.instagram.com/p/CG360rjn-1p/,
https://scontent-lga3-2.cdninstagram.com/v/t51.2885-19/275633696_374371394693089_7133785662905060088_n.jpg?stp=dst-jpg_s150x150&_nc_ht=scontent-lga3-2.cdninstagram.com&_nc_cat=101&_nc_ohc=5bep5YQmbcAAX92cRQG&edm=AId3EpQBAAAA&ccb=7-4&oh=00_AT_cA5patfo-ELIpnqbbz3VbXlVJHFrAm4exgb7wci944Q&oe=624180CC&_nc_sid=705020,msfcares,https://www.instagram.com/msfcares,#QOTD #mentalhealth #mentalhealthquotes #mentalhealthmatters #mentalhealthawareness,0,0,2020-10-21T04:46:13.000Z,17870659931031375,1993519912,2022-03-22T13:09:26.347Z,https://www.instagram.com/p/CGl7Xs_HLY2/,
https://scontent-lga3-2.cdninstagram.com/v/t51.2885-19/275633696_374371394693089_7133785662905060088_n.jpg?stp=dst-jpg_s150x150&_nc_ht=scontent-lga3-2.cdninstagram.com&_nc_cat=101&_nc_ohc=5bep5YQmbcAAX92cRQG&edm=AId3EpQBAAAA&ccb=7-4&oh=00_AT_cA5patfo-ELIpnqbbz3VbXlVJHFrAm4exgb7wci944Q&oe=624180CC&_nc_sid=705020,msfcares,https://www.instagram.com/msfcares,#QOTD #mentalhealth #mentalhealthquotes #mentalhealthmatters #mentalhealthawareness,0,0,2020-10-14T03:29:08.000Z,17857987241224280,1993519912,2022-03-22T13:09:28.364Z,https://www.instagram.com/p/CGTw-QcnDKn/,
,,,,,,,,,2022-03-22T13:09:29.090Z,https://www.instagram.com/p/CGJTz5kgd_I/,No comments found
https://scontent-lga3-2.cdninstagram.com/v/t51.2885-19/275633696_374371394693089_7133785662905060088_n.jpg?stp=dst-jpg_s150x150&_nc_ht=scontent-lga3-2.cdninstagram.com&_nc_cat=101&_nc_ohc=5bep5YQmbcAAX92cRQG&edm=AId3EpQBAAAA&ccb=7-4&oh=00_AT_cA5patfo-ELIpnqbbz3VbXlVJHFrAm4exgb7wci944Q&oe=624180CC&_nc_sid=705020,msfcares,https://www.instagram.com/msfcares,#QOTD #mentalhealth #mentalhealthquotes #mentalhealthmatters #mentalhealthawareness,0,0,2020-10-07T05:42:17.000Z,17869211857996595,1993519912,2022-03-22T13:09:30.611Z,https://www.instagram.com/p/CGB-jUpnQ1z/,
,,,,,,,,,2022-03-22T13:09:31.307Z,https://www.instagram.com/p/CF0-thvBh3R/,No comments found
https://scontent-lga3-2.cdninstagram.com/v/t51.2885-19/120144277_1433244440204921_4193800074914457025_n.jpg?stp=dst-jpg_s150x150&_nc_ht=scontent-lga3-2.cdninstagram.com&_nc_cat=105&_nc_ohc=kYHoEeZJ1JMAX_6AnQ-&edm=AId3EpQBAAAA&ccb=7-4&oh=00_AT-XKKW34Mt8BqiVTzu2YlIb2WMif0nMwHKVoMVH9GZOPw&oe=623FD8A5&_nc_sid=705020,bennyjaneb22,https://www.instagram.com/bennyjaneb22,"I can't explain how I feel each time i receive my payouts from your platform,all I can say is that you're God sent to my life @rebecca___grant",0,0,2020-09-25T19:43:08.000Z,17852987618256386,40931181344,2022-03-22T13:09:33.395Z,https://www.instagram.com/p/CFd2OvbF5N8/,
https://scontent-lga3-2.cdninstagram.com/v/t51.2885-19/81280815_446782242909590_7631159030945153024_n.jpg?stp=dst-jpg_s150x150&_nc_ht=scontent-lga3-2.cdninstagram.com&_nc_cat=102&_nc_ohc=tk9z245gl0EAX-4Rw6X&edm=AId3EpQBAAAA&ccb=7-4&oh=00_AT9Tp4nCKzrvBijJ6nKwU0W4CJxEXYPLJYWeICZF4f2l6w&oe=62415356&_nc_sid=705020,triskagmail,https://www.instagram.com/triskagmail,Why did Jenna Lim sleep with you when she has a daughter ? Why she is such a slut ? Why did she call me a prostitute ?,0,0,2020-09-20T06:20:51.000Z,17888725525720594,26557505767,2022-03-22T13:09:35.496Z,https://www.instagram.com/p/CEs2bG_FBuT/,
https://scontent-lga3-2.cdninstagram.com/v/t51.2885-19/273027799_245779514398480_6575874421240408394_n.jpg?stp=dst-jpg_s150x150&_nc_ht=scontent-lga3-2.cdninstagram.com&_nc_cat=104&_nc_ohc=SVDVzj07ufYAX9bbZvX&edm=AId3EpQBAAAA&ccb=7-4&oh=00_AT_11DDpTVST6Rc6yxHbF2R7AKwmg92hJA9fhuZOpP1LZA&oe=623FE66B&_nc_sid=705020,pngenghoe,https://www.instagram.com/pngenghoe,üòòüòòüòò,1,0,2020-09-04T05:38:02.000Z,18160628830061081,4863863100,2022-03-22T13:09:35.496Z,https://www.instagram.com/p/CEs2bG_FBuT/,
https://scontent-lga3-2.cdninstagram.com/v/t51.2885-19/128436346_711079116169477_5504969916727799424_n.jpg?stp=dst-jpg_s150x150&_nc_ht=scontent-lga3-2.cdninstagram.com&_nc_cat=101&_nc_ohc=qCrcZdup37sAX-s0G0m&edm=AId3EpQBAAAA&ccb=7-4&oh=00_AT9y8it8HltDbsQFDYnjp18MfWRU-57vz0rQeWo5TFjGew&oe=624117EC&_nc_sid=705020,daughtersoftomorrow,https://www.instagram.com/daughtersoftomorrow,Every family deserves this time together üíØüëç,2,0,2020-09-04T04:37:26.000Z,18160555567058819,3962903522,2022-03-22T13:09:35.496Z,https://www.instagram.com/p/CEs2bG_FBuT/,
https://scontent-lga3-2.cdninstagram.com/v/t51.2885-19/271773552_915888422449765_4776527476026852083_n.jpg?stp=dst-jpg_s150x150&_nc_ht=scontent-lga3-2.cdninstagram.com&_nc_cat=101&_nc_ohc=SroT3e90DkwAX_8nhBs&edm=AId3EpQBAAAA&ccb=7-4&oh=00_AT_K9BNvzWxAIcIWl_pL0TFaFZC0XSW1yxLyn2lULSQvzg&oe=62400698&_nc_sid=705020,nookeechoa,https://www.instagram.com/nookeechoa,@phianomenal tho is you üòÜ,1,0,2020-08-12T04:42:32.000Z,18114541543094297,185563945,2022-03-22T13:09:40.054Z,https://www.instagram.com/p/CDxqLrJJBPq/,
,,,,,,,,,2022-03-22T13:09:40.835Z,https://www.instagram.com/p/CDpqoQElQqn/,No comments found
https://scontent-lga3-2.cdninstagram.com/v/t51.2885-19/162987169_350831632920689_6129622152762444425_n.jpg?stp=dst-jpg_s150x150&_nc_ht=scontent-lga3-2.cdninstagram.com&_nc_cat=105&_nc_ohc=FeAheuEu3mQAX--NNym&tn=ZFtC9Yvb7edAefGk&edm=AId3EpQBAAAA&ccb=7-4&oh=00_AT9WO4-XN-zIpR8Cuyn9TgyG4my07fOCmih-ASdwxHFWMA&oe=624173A3&_nc_sid=705020,ak_786743,https://www.instagram.com/ak_786743,üëçüëç,0,0,2020-08-08T12:47:50.000Z,17870396305875511,16085251098,2022-03-22T13:09:42.315Z,https://www.instagram.com/p/CDnThTlndbv/,
https://scontent-lga3-2.cdninstagram.com/v/t51.2885-19/97550509_238023077487935_6495942330720190464_n.jpg?stp=dst-jpg_s150x150&_nc_ht=scontent-lga3-2.cdninstagram.com&_nc_cat=111&_nc_ohc=FfvFa_R-76EAX-GHaRJ&edm=AId3EpQBAAAA&ccb=7-4&oh=00_AT-nahdJ03UISPPvFWtkz_XUuKPR1MfeijcNQxNg70FrQg&oe=623FFCB7&_nc_sid=705020,simon534633,https://www.instagram.com/simon534633,üëçüëèüëèüëèüòÄüôè,0,0,2020-08-08T09:12:53.000Z,17903568058502720,35612868960,2022-03-22T13:09:42.315Z,https://www.instagram.com/p/CDnThTlndbv/,
https://scontent-lga3-2.cdninstagram.com/v/t51.2885-19/95513070_1615284265304607_1521585219369435136_n.jpg?stp=dst-jpg_s150x150&_nc_ht=scontent-lga3-2.cdninstagram.com&_nc_cat=103&_nc_ohc=y5uRRYN3jMoAX9X3DXu&edm=AId3EpQBAAAA&ccb=7-4&oh=00_AT85kchEt-_hXAfqqjoDz661_zZZyFsw0X4XUALOLrGbjA&oe=6240AD3D&_nc_sid=705020,tkengseng,https://www.instagram.com/tkengseng,üëçüëçüëç,0,0,2020-08-08T07:53:50.000Z,17874893035798308,4274444587,2022-03-22T13:09:42.315Z,https://www.instagram.com/p/CDnThTlndbv/,
,,,,,,,,,2022-03-22T13:09:43.102Z,https://www.instagram.com/p/CDkaJrOFlfu/,No comments found
,,,,,,,,,2022-03-22T13:09:43.475Z,https://www.instagram.com/p/CDflHryn8gt/,No comments found
https://scontent-lga3-2.cdninstagram.com/v/t51.2885-19/239799377_430298111626088_8876809271814632629_n.jpg?stp=dst-jpg_s150x150&_nc_ht=scontent-lga3-2.cdninstagram.com&_nc_cat=108&_nc_ohc=biPAGALSKsQAX_eaW0V&tn=ZFtC9Yvb7edAefGk&edm=AId3EpQBAAAA&ccb=7-4&oh=00_AT8Brk3JKzbqnWshAFD7SlPbVnvwp1IdUjNXW1kki2SiMQ&oe=624165DC&_nc_sid=705020,delicateheaxts,https://www.instagram.com/delicateheaxts,@_jia.wen_ i-,1,0,2020-08-10T07:48:42.000Z,17877601867786368,27934750602,2022-03-22T13:09:46.654Z,https://www.instagram.com/p/CDNjlhtDm0p/,
https://scontent-lga3-2.cdninstagram.com/v/t51.2885-19/103812569_2578185945769165_5021265298882576023_n.jpg?stp=dst-jpg_s150x150&_nc_ht=scontent-lga3-2.cdninstagram.com&_nc_cat=101&_nc_ohc=kXwMC-M4icYAX-vBUBX&edm=AId3EpQBAAAA&ccb=7-4&oh=00_AT-NLhgyg7rMjBPL3EIs2wWlzVlQwD3mNVnG85SYs9BchQ&oe=62408DD1&_nc_sid=705020,thesparkleintheireyes,https://www.instagram.com/thesparkleintheireyes,Hurrah for the designated caregiver and those with space in their hearts and homes for young people like Kelly ‚ù§Ô∏è,0,0,2020-07-29T12:47:16.000Z,17865589396962940,37938415227,2022-03-22T13:09:46.654Z,https://www.instagram.com/p/CDNjlhtDm0p/,
https://scontent-lga3-2.cdninstagram.com/v/t51.2885-19/275602838_1154388945371949_841691253139911978_n.jpg?stp=dst-jpg_s150x150&_nc_ht=scontent-lga3-2.cdninstagram.com&_nc_cat=109&_nc_ohc=cxOw8e0IGdQAX_Orwrq&edm=AId3EpQBAAAA&ccb=7-4&oh=00_AT9QHPsR-piGysJgzllLzId9KSWB-RLS9U4sHF6-7o0CiQ&oe=623FF631&_nc_sid=705020,stephenbeng,https://www.instagram.com/stephenbeng,ü§ó,1,0,2020-07-27T04:12:21.000Z,18156861391032565,1361647370,2022-03-22T13:09:49.094Z,https://www.instagram.com/p/CDIZ8okJlBw/,
https://scontent-lga3-2.cdninstagram.com/v/t51.2885-19/92268304_1239677333046021_8519874759050133504_n.jpg?stp=dst-jpg_s150x150&_nc_ht=scontent-lga3-2.cdninstagram.com&_nc_cat=109&_nc_ohc=15tjJLnD8o4AX-2t9I9&edm=AId3EpQBAAAA&ccb=7-4&oh=00_AT8MZPexo5qbXdR6pSUxNNRGWLI4RBf9_HCfq2IW_F-VGA&oe=62404C36&_nc_sid=705020,thisishaoyudoit,https://www.instagram.com/thisishaoyudoit,u r my inspiration @abelpkr,2,0,2020-07-24T13:34:24.000Z,17963453941318346,144721117,2022-03-22T13:09:51.362Z,https://www.instagram.com/p/CDAroDgjqOW/,
https://scontent-lga3-2.cdninstagram.com/v/t51.2885-19/274556106_642957610092868_3940498823992749672_n.jpg?stp=dst-jpg_s150x150&_nc_ht=scontent-lga3-2.cdninstagram.com&_nc_cat=104&_nc_ohc=-NIyi6fsz3cAX-SDTTe&tn=ZFtC9Yvb7edAefGk&edm=AId3EpQBAAAA&ccb=7-4&oh=00_AT9pIlkFe9O6EDlICH5o96NmGEIfDeTDHVY4F1jmfUeXjQ&oe=62416DD8&_nc_sid=705020,yuetyan,https://www.instagram.com/yuetyan,Wow I‚Äôm so inspired @abelpkr,2,0,2020-07-24T10:05:34.000Z,18125146162112764,23639782,2022-03-22T13:09:51.362Z,https://www.instagram.com/p/CDAroDgjqOW/,
,,,,,,,,,2022-03-22T13:09:52.113Z,https://www.instagram.com/p/CC3J2ifBMMD/,No comments found
https://scontent-lga3-2.cdninstagram.com/v/t51.2885-19/276969388_658504005480742_3198909151045112176_n.jpg?stp=dst-jpg_s150x150&_nc_ht=scontent-lga3-2.cdninstagram.com&_nc_cat=110&_nc_ohc=87zTqVMdPRAAX_3Opd3&edm=AId3EpQBAAAA&ccb=7-4&oh=00_AT8QdN14CH28CtCrtnY4p7CLEK-v0yTMg_6UMGW-ltb3Vw&oe=6240A584&_nc_sid=705020,sgminds,https://www.instagram.com/sgminds,Proud of them. And thank you @msfcares for the shoutout :)ü•∞,0,0,2020-07-18T16:33:10.000Z,17847217064247722,1651955108,2022-03-22T13:09:54.131Z,https://www.instagram.com/p/CCxBDHZh3XV/,
https://scontent-lga3-2.cdninstagram.com/v/t51.2885-19/97550509_238023077487935_6495942330720190464_n.jpg?stp=dst-jpg_s150x150&_nc_ht=scontent-lga3-2.cdninstagram.com&_nc_cat=111&_nc_ohc=FfvFa_R-76EAX-GHaRJ&edm=AId3EpQBAAAA&ccb=7-4&oh=00_AT-nahdJ03UISPPvFWtkz_XUuKPR1MfeijcNQxNg70FrQg&oe=623FFCB7&_nc_sid=705020,simon534633,https://www.instagram.com/simon534633,üëçüëçüëèüëèüòÄüôè,0,0,2020-07-18T08:48:39.000Z,17900263249515228,35612868960,2022-03-22T13:09:54.131Z,https://www.instagram.com/p/CCxBDHZh3XV/,
https://scontent-lga3-2.cdninstagram.com/v/t51.2885-19/119118449_109430930904803_7651632005455306758_n.jpg?stp=dst-jpg_s150x150&_nc_ht=scontent-lga3-2.cdninstagram.com&_nc_cat=111&_nc_ohc=QkokSahUfIEAX-8kXwT&edm=AId3EpQBAAAA&ccb=7-4&oh=00_AT86_3nQdtuFU6M1uKzL4dY9Dr-k3mrV883ycipLf8_RZA&oe=6240FA46&_nc_sid=705020,draw.a.story,https://www.instagram.com/draw.a.story,üòòüíïüòâüí™üèªüá∏üá¨‚ù§Ô∏è,0,0,2020-07-17T12:05:02.000Z,17863623487946007,3124218053,2022-03-22T13:09:56.251Z,https://www.instagram.com/p/CCulYVBh9v7/,
https://scontent-lga3-2.cdninstagram.com/v/t51.2885-19/11254067_485200398296055_797893473_a.jpg?_nc_ht=scontent-lga3-2.cdninstagram.com&_nc_cat=103&_nc_ohc=inb11nbQgusAX8id4tk&edm=AId3EpQBAAAA&ccb=7-4&oh=00_AT9T6hMdkl5AHILPs1oBUjQU0jK32CMsH5nb8fmunNKGzQ&oe=623FF446&_nc_sid=705020,floh795,https://www.instagram.com/floh795,üòç,0,0,2020-07-17T04:08:07.000Z,17854647344110028,1526722416,2022-03-22T13:09:56.251Z,https://www.instagram.com/p/CCulYVBh9v7/,
https://scontent-lga3-2.cdninstagram.com/v/t51.2885-19/97550509_238023077487935_6495942330720190464_n.jpg?stp=dst-jpg_s150x150&_nc_ht=scontent-lga3-2.cdninstagram.com&_nc_cat=111&_nc_ohc=FfvFa_R-76EAX-GHaRJ&edm=AId3EpQBAAAA&ccb=7-4&oh=00_AT-nahdJ03UISPPvFWtkz_XUuKPR1MfeijcNQxNg70FrQg&oe=623FFCB7&_nc_sid=705020,simon534633,https://www.instagram.com/simon534633,üëçüëèüëèüòÄüôè,0,0,2020-07-17T03:22:08.000Z,18094878175172849,35612868960,2022-03-22T13:09:58.448Z,https://www.instagram.com/p/CCsN2Z7h7Ma/,
https://scontent-lga3-2.cdninstagram.com/v/t51.2885-19/274258800_655774918964151_6119357500713295806_n.jpg?stp=dst-jpg_s150x150&_nc_ht=scontent-lga3-2.cdninstagram.com&_nc_cat=103&_nc_ohc=8mrUQxpFGFYAX8hjlBe&edm=AId3EpQBAAAA&ccb=7-4&oh=00_AT-_COQoEer2y_rLQ6S_IFn9xtu-4ZxFRL6v-R1k74ivTQ&oe=623FFBD7&_nc_sid=705020,limyookgweek,https://www.instagram.com/limyookgweek,üëç,0,0,2020-07-16T13:31:24.000Z,17970737506311109,5701164305,2022-03-22T13:09:58.448Z,https://www.instagram.com/p/CCsN2Z7h7Ma/,
https://scontent-lga3-2.cdninstagram.com/v/t51.2885-19/241431619_1032888487513912_2209117767690855531_n.jpg?stp=dst-jpg_s150x150&_nc_ht=scontent-lga3-2.cdninstagram.com&_nc_cat=104&_nc_ohc=ep5KbS85ybcAX8hq3RX&edm=AId3EpQBAAAA&ccb=7-4&oh=00_AT_yQeJeh22JyG-Fz8OoCO08CFsKVyEKgHYiJy6_QGQ_FQ&oe=6240418B&_nc_sid=705020,tpikachiu,https://www.instagram.com/tpikachiu,üòç‚ù§Ô∏è,0,0,2020-06-25T07:53:39.000Z,17859186881004805,51907827,2022-03-22T13:10:00.463Z,https://www.instagram.com/p/CBzhTjPnJIO/,
https://scontent-lga3-2.cdninstagram.com/v/t51.2885-19/242002899_564987041418876_65605395200124501_n.jpg?stp=dst-jpg_s150x150&_nc_ht=scontent-lga3-2.cdninstagram.com&_nc_cat=100&_nc_ohc=wKTblogWIQUAX_UTipH&edm=AId3EpQBAAAA&ccb=7-4&oh=00_AT96DL9g6W74lW7PDkITCCgNtrFIrr3blvUF-4b6StHkdg&oe=624188D2&_nc_sid=705020,hatchingnow,https://www.instagram.com/hatchingnow,üôåüèªüê£,0,0,2020-06-24T04:55:50.000Z,17957108602333776,16117246067,2022-03-22T13:10:00.463Z,https://www.instagram.com/p/CBzhTjPnJIO/,
,,,,,,,,,2022-03-22T13:10:01.188Z,https://www.instagram.com/p/CBrhYvYH2wG/,No comments found
https://scontent-lga3-2.cdninstagram.com/v/t51.2885-19/22638696_125122624853828_1762824749177634816_n.jpg?stp=dst-jpg_s150x150&_nc_ht=scontent-lga3-2.cdninstagram.com&_nc_cat=108&_nc_ohc=ZS4RNvSPnRUAX8HG7lb&edm=AId3EpQBAAAA&ccb=7-4&oh=00_AT_imZ2rS6y6U1fU8QxIdRTikz1I-XLJ_2Bt6BzlzXNd5Q&oe=624004B3&_nc_sid=705020,strokesupportstation,https://www.instagram.com/strokesupportstation,Thank you for your act of kindness‚ô•Ô∏è,0,0,2020-06-11T01:34:27.000Z,17860338847935020,6245239098,2022-03-22T13:10:05.817Z,https://www.instagram.com/p/CA6yqfrHDa4/,
https://scontent-lga3-2.cdninstagram.com/v/t51.2885-19/276146795_740601023990286_7400071890215170642_n.jpg?stp=dst-jpg_s150x150&_nc_ht=scontent-lga3-2.cdninstagram.com&_nc_cat=106&_nc_ohc=e7xic8mpLhkAX9fwC1l&edm=AId3EpQBAAAA&ccb=7-4&oh=00_AT8xV9BPVsz9V7ez5nGvrzMhCxt3oh9GM0H-lkCJbv5sIg&oe=62400FE9&_nc_sid=705020,camisoning,https://www.instagram.com/camisoning,wah @xueyicrystal üôåüèª,0,0,2020-06-04T11:01:41.000Z,17857121944999666,183207449,2022-03-22T13:10:05.817Z,https://www.instagram.com/p/CA6yqfrHDa4/,
https://scontent-lga3-2.cdninstagram.com/v/t51.2885-19/272103431_1071833813390332_4397841424394079678_n.jpg?stp=dst-jpg_s150x150&_nc_ht=scontent-lga3-2.cdninstagram.com&_nc_cat=104&_nc_ohc=WrXPdDufeegAX86AOVm&edm=AId3EpQBAAAA&ccb=7-4&oh=00_AT_3Ajrs175Sbc694kQ0lX-DM6Z6EQaUF1acSuWUJE-Ghg&oe=623FB982&_nc_sid=705020,lovely_pikachu123,https://www.instagram.com/lovely_pikachu123,Awesome xue yi @xueyicrystal üëè,0,0,2020-06-04T10:19:22.000Z,17864049409862877,4151642852,2022-03-22T13:10:05.817Z,https://www.instagram.com/p/CA6yqfrHDa4/,
https://scontent-lga3-2.cdninstagram.com/v/t51.2885-19/265720340_588179382474561_6898542814813233495_n.jpg?stp=dst-jpg_s150x150&_nc_ht=scontent-lga3-2.cdninstagram.com&_nc_cat=109&_nc_ohc=Amxe0sKFp5wAX_nHEqe&edm=AId3EpQBAAAA&ccb=7-4&oh=00_AT8P9Zomh44mhezWLWbhDf8G6_uHrn8c3-71Etn_Z8EBpQ&oe=623FFC2C&_nc_sid=705020,pris.tqhx,https://www.instagram.com/pris.tqhx,üòç AMAZING,0,0,2020-06-03T22:30:05.000Z,18119377057102867,2199254996,2022-03-22T13:10:05.817Z,https://www.instagram.com/p/CA6yqfrHDa4/,
https://scontent-lga3-2.cdninstagram.com/v/t51.2885-19/265577670_260616362727639_8196224500620648039_n.jpg?stp=dst-jpg_s150x150&_nc_ht=scontent-lga3-2.cdninstagram.com&_nc_cat=103&_nc_ohc=seljViDcI3kAX-1WCEm&edm=AId3EpQBAAAA&ccb=7-4&oh=00_AT-aA-S1ksu5bNqxfNZseTI8UXAMUX2rF-NpiEFVzz0rbg&oe=623FDF74&_nc_sid=705020,lindameizhen,https://www.instagram.com/lindameizhen,"@glumster, @plumifiedz",0,0,2020-06-02T12:55:37.000Z,18145962259017066,253546628,2022-03-22T13:10:05.817Z,https://www.instagram.com/p/CA6yqfrHDa4/,
https://scontent-lga3-2.cdninstagram.com/v/t51.2885-19/177598041_454947895788956_1376384877923821539_n.jpg?stp=dst-jpg_s150x150&_nc_ht=scontent-lga3-2.cdninstagram.com&_nc_cat=108&_nc_ohc=Zng2yrLQtHcAX83zR3i&tn=ZFtC9Yvb7edAefGk&edm=AId3EpQBAAAA&ccb=7-4&oh=00_AT9U2IZXNXPHCL-WWW3N5ueWomle31GBH0O0jQcJiT72qw&oe=624167BB&_nc_sid=705020,gohyta,https://www.instagram.com/gohyta,@xueyicrystal : üëèüëè,0,0,2020-06-02T09:53:10.000Z,17851149275073802,31367749,2022-03-22T13:10:05.817Z,https://www.instagram.com/p/CA6yqfrHDa4/,
https://scontent-lga3-2.cdninstagram.com/v/t51.2885-19/274258800_655774918964151_6119357500713295806_n.jpg?stp=dst-jpg_s150x150&_nc_ht=scontent-lga3-2.cdninstagram.com&_nc_cat=103&_nc_ohc=8mrUQxpFGFYAX8hjlBe&edm=AId3EpQBAAAA&ccb=7-4&oh=00_AT-_COQoEer2y_rLQ6S_IFn9xtu-4ZxFRL6v-R1k74ivTQ&oe=623FFBD7&_nc_sid=705020,limyookgweek,https://www.instagram.com/limyookgweek,üëç,0,0,2020-06-02T06:37:46.000Z,18100577674158383,5701164305,2022-03-22T13:10:05.817Z,https://www.instagram.com/p/CA6yqfrHDa4/,
,,,,,,,,,2022-03-22T13:10:06.600Z,https://www.instagram.com/p/CAwndWZlG5c/,No comments found
,,,,,,,,,2022-03-22T13:10:06.886Z,https://www.instagram.com/p/CApaF5MH4l1/,No comments found
,,,,,,,,,2022-03-22T13:10:07.275Z,https://www.instagram.com/p/CAjdr4Znngi/,No comments found
,,,,,,,,,2022-03-22T13:10:07.542Z,https://www.instagram.com/p/CAe4OgKgRvy/,No comments found
https://scontent-lga3-2.cdninstagram.com/v/t51.2885-19/22638696_125122624853828_1762824749177634816_n.jpg?stp=dst-jpg_s150x150&_nc_ht=scontent-lga3-2.cdninstagram.com&_nc_cat=108&_nc_ohc=ZS4RNvSPnRUAX8HG7lb&edm=AId3EpQBAAAA&ccb=7-4&oh=00_AT_imZ2rS6y6U1fU8QxIdRTikz1I-XLJ_2Bt6BzlzXNd5Q&oe=624004B3&_nc_sid=705020,strokesupportstation,https://www.instagram.com/strokesupportstation,Great tips to manage anxiety and loneliness during this period,0,0,2020-05-22T03:18:47.000Z,18022156114279505,6245239098,2022-03-22T13:10:09.091Z,https://www.instagram.com/p/CAZ0J-7HclI/,
https://scontent-lga3-2.cdninstagram.com/v/t51.2885-19/275633696_374371394693089_7133785662905060088_n.jpg?stp=dst-jpg_s150x150&_nc_ht=scontent-lga3-2.cdninstagram.com&_nc_cat=101&_nc_ohc=5bep5YQmbcAAX92cRQG&edm=AId3EpQBAAAA&ccb=7-4&oh=00_AT_cA5patfo-ELIpnqbbz3VbXlVJHFrAm4exgb7wci944Q&oe=624180CC&_nc_sid=705020,msfcares,https://www.instagram.com/msfcares,#mentalhealth #mentalwellbeing,1,0,2020-05-20T08:44:24.000Z,17965287661307869,1993519912,2022-03-22T13:10:09.091Z,https://www.instagram.com/p/CAZ0J-7HclI/,
https://scontent-lga3-2.cdninstagram.com/v/t51.2885-19/274258800_655774918964151_6119357500713295806_n.jpg?stp=dst-jpg_s150x150&_nc_ht=scontent-lga3-2.cdninstagram.com&_nc_cat=103&_nc_ohc=8mrUQxpFGFYAX8hjlBe&edm=AId3EpQBAAAA&ccb=7-4&oh=00_AT-_COQoEer2y_rLQ6S_IFn9xtu-4ZxFRL6v-R1k74ivTQ&oe=623FFBD7&_nc_sid=705020,limyookgweek,https://www.instagram.com/limyookgweek,üëç‚ù§Ô∏è‚ù§Ô∏è‚ù§Ô∏è,0,0,2020-05-16T06:52:18.000Z,17898218500486777,5701164305,2022-03-22T13:10:11.367Z,https://www.instagram.com/p/CAMcJu_nPNM/,
,,,,,,,,,2022-03-22T13:10:12.196Z,https://www.instagram.com/p/CAHYHrLnT1b/,No comments found
https://scontent-lga3-2.cdninstagram.com/v/t51.2885-19/274393599_1547574785643504_8850566000717628622_n.jpg?stp=dst-jpg_s150x150&_nc_ht=scontent-lga3-2.cdninstagram.com&_nc_cat=100&_nc_ohc=Z-_bF6IYzlQAX87yAAW&edm=AId3EpQBAAAA&ccb=7-4&oh=00_AT9EkTk_KOKog3XfeB-OwdXMp9riM9N9niw3uIs4kBj4JQ&oe=624157CE&_nc_sid=705020,starreyniqhtss,https://www.instagram.com/starreyniqhtss,@cupofsunflower_,1,0,2020-11-30T18:47:40.000Z,17920262812487337,6798460260,2022-03-22T13:10:16.879Z,https://www.instagram.com/p/B_6kt3Dnqyb/,
https://instagram.fcgh10-1.fna.fbcdn.net/v/t51.2885-19/44884218_345707102882519_2446069589734326272_n.jpg?_nc_ht=instagram.fcgh10-1.fna.fbcdn.net&_nc_cat=1&_nc_ohc=XvygljXaX5wAX_Qlug1&edm=AJ9x6zYBAAAA&ccb=7-4&ig_cache_key=YW5vbnltb3VzX3Byb2ZpbGVfcGlj.2-ccb7-4&oh=00_AT-W7Ngyk191XUJeODzMfFqORK8OA09fBSPhcIoT9X1ZnQ&oe=6240714F&_nc_sid=cff2a4,nsc28112020,https://www.instagram.com/nsc28112020,Well done Serene!,0,0,2020-05-08T07:23:59.000Z,18019512262279352,31769625832,2022-03-22T13:10:16.879Z,https://www.instagram.com/p/B_6kt3Dnqyb/,
https://instagram.fgye10-1.fna.fbcdn.net/v/t51.2885-19/44884218_345707102882519_2446069589734326272_n.jpg?efg=eyJybWQiOiJpZ19hbmRyb2lkX21vYmlsZV9uZXR3b3JrX3N0YWNrX3VubGltaXRlZF92c19vbmVfcmVxdWVzdHNfcGVyX2Nvbm5lY3Rpb246b25lIn0&_nc_ht=instagram.fgye10-1.fna.fbcdn.net&_nc_cat=1&_nc_ohc=XvygljXaX5wAX-UiyQ5&edm=AJ9x6zYBAAAA&ccb=7-4&ig_cache_key=YW5vbnltb3VzX3Byb2ZpbGVfcGlj.2-ccb7-4&oh=00_AT_vQa0ZCcIvNBLa1ck6UpsSZC2MKIBE4eMiauXE937zcg&oe=6240714F&_nc_sid=cff2a4,sophia_angchan,https://www.instagram.com/sophia_angchan,‚ù§Ô∏è,0,0,2020-05-06T16:26:11.000Z,17861236912867696,2755459342,2022-03-22T13:10:18.788Z,https://www.instagram.com/p/B_zLA-_HlK2/,
https://scontent-lga3-2.cdninstagram.com/v/t51.2885-19/274258800_655774918964151_6119357500713295806_n.jpg?stp=dst-jpg_s150x150&_nc_ht=scontent-lga3-2.cdninstagram.com&_nc_cat=103&_nc_ohc=8mrUQxpFGFYAX8hjlBe&edm=AId3EpQBAAAA&ccb=7-4&oh=00_AT-_COQoEer2y_rLQ6S_IFn9xtu-4ZxFRL6v-R1k74ivTQ&oe=623FFBD7&_nc_sid=705020,limyookgweek,https://www.instagram.com/limyookgweek,üëç‚ù§Ô∏è‚ù§Ô∏è‚ù§Ô∏è,0,0,2020-05-06T16:26:08.000Z,18102744082193079,5701164305,2022-03-22T13:10:18.788Z,https://www.instagram.com/p/B_zLA-_HlK2/,
https://scontent-lga3-2.cdninstagram.com/v/t51.2885-19/106734084_725307681604480_5410471340637220934_n.jpg?stp=dst-jpg_s150x150&_nc_ht=scontent-lga3-2.cdninstagram.com&_nc_cat=104&_nc_ohc=AKRJUbCu5RcAX98fWKk&edm=AId3EpQBAAAA&ccb=7-4&oh=00_AT_ljs90CS17UIEdjMPLp5FZq8qgpM317Pl41TJk188PCQ&oe=6240AB4F&_nc_sid=705020,professorbrawn,https://www.instagram.com/professorbrawn,Thank you for the lovely shout-out üôèüòä #supportInclusion #celebrateabilities,0,0,2020-05-02T03:59:50.000Z,17880224086605050,1516550284,2022-03-22T13:10:20.427Z,https://www.instagram.com/p/B_q8IOknfLJ/,
https://scontent-lga3-2.cdninstagram.com/v/t51.2885-19/239799377_430298111626088_8876809271814632629_n.jpg?stp=dst-jpg_s150x150&_nc_ht=scontent-lga3-2.cdninstagram.com&_nc_cat=108&_nc_ohc=biPAGALSKsQAX_eaW0V&tn=ZFtC9Yvb7edAefGk&edm=AId3EpQBAAAA&ccb=7-4&oh=00_AT8Brk3JKzbqnWshAFD7SlPbVnvwp1IdUjNXW1kki2SiMQ&oe=624165DC&_nc_sid=705020,delicateheaxts,https://www.instagram.com/delicateheaxts,@candylious_ our favs,0,1,2020-08-10T07:52:47.000Z,17878732570755120,27934750602,2022-03-22T13:10:23.178Z,https://www.instagram.com/p/B_ot2fTngc2/,
,,,,,,,,,2022-03-22T13:10:24.009Z,https://www.instagram.com/p/B_mNbIln5zM/,No comments found
,,,,,,,,,2022-03-22T13:10:24.352Z,https://www.instagram.com/p/B_jbpqRHEtt/,No comments found
https://scontent-lga3-2.cdninstagram.com/v/t51.2885-19/152345279_115565380537648_8789641143321604616_n.jpg?stp=dst-jpg_s150x150&_nc_ht=scontent-lga3-2.cdninstagram.com&_nc_cat=104&_nc_ohc=kgp21MQbYNAAX_on1Lu&tn=ZFtC9Yvb7edAefGk&edm=AId3EpQBAAAA&ccb=7-4&oh=00_AT-AuAkeIYtt9IX7Ymsav3rsTWO0ylGvGLBoYbH-9EG9-A&oe=624197C2&_nc_sid=705020,goodhood.sg,https://www.instagram.com/goodhood.sg,You can find us on Android and IOS App Store :) ‚ù§Ô∏èüòç,1,0,2020-04-23T13:11:52.000Z,17849476772047657,32696412501,2022-03-22T13:10:26.239Z,https://www.instagram.com/p/B_UOYksnXAG/,
https://scontent-lga3-2.cdninstagram.com/v/t51.2885-19/62181636_883342495337485_8974278862993096704_n.jpg?stp=dst-jpg_s150x150&_nc_ht=scontent-lga3-2.cdninstagram.com&_nc_cat=101&_nc_ohc=hZJkXIt4jIkAX_n-XAM&tn=ZFtC9Yvb7edAefGk&edm=AId3EpQBAAAA&ccb=7-4&oh=00_AT_dipVRCn_t66A_k9SHZyTIeJkvSkA8PrEYakbI_Qfr8Q&oe=6241AF91&_nc_sid=705020,l_sin_communaute,https://www.instagram.com/l_sin_communaute,Please beware of cross contamination between patroniser and food.vendor,0,0,2020-04-26T05:14:38.000Z,18139468987052808,11882827655,2022-03-22T13:10:28.511Z,https://www.instagram.com/p/B_RwkBgnmZG/,
https://scontent-lga3-2.cdninstagram.com/v/t51.2885-19/23279555_535732270094163_4507051509766160384_n.jpg?stp=dst-jpg_s150x150&_nc_ht=scontent-lga3-2.cdninstagram.com&_nc_cat=103&_nc_ohc=knV21AklYHsAX-v_Z-S&edm=AId3EpQBAAAA&ccb=7-4&oh=00_AT9c6NHn7VA_qpyeH0M9QLOCv8ZFn9anKmpYUxek9Qs7aA&oe=624033A8&_nc_sid=705020,babeliciousgal,https://www.instagram.com/babeliciousgal,#msfgreeniesrock,0,0,2020-04-22T12:43:19.000Z,17872665739665433,293061047,2022-03-22T13:10:28.511Z,https://www.instagram.com/p/B_RwkBgnmZG/,
,,,,,,,,,2022-03-22T13:10:29.318Z,https://www.instagram.com/p/B_PHcN_nANA/,No comments found
,,,,,,,,,2022-03-22T13:10:29.667Z,https://www.instagram.com/p/B_JaLgEHvG0/,No comments found
https://scontent-lga3-2.cdninstagram.com/v/t51.2885-19/138675098_405852520624770_8679974104911570197_n.jpg?stp=dst-jpg_s150x150&_nc_ht=scontent-lga3-2.cdninstagram.com&_nc_cat=106&_nc_ohc=YjNg_c_pj0sAX8RQGVW&edm=AId3EpQBAAAA&ccb=7-4&oh=00_AT_Ztp4S_IysVfZ-z8nVHES8Jn6TwBAungLVHrbUc5fomg&oe=62411161&_nc_sid=705020,jansensiak,https://www.instagram.com/jansensiak,Thank you! üòäüòäüôèüèªüôèüèª,0,0,2020-04-18T12:40:44.000Z,17855454163925132,10877341,2022-03-22T13:10:31.661Z,https://www.instagram.com/p/B_H03UHHZN3/,
https://scontent-lga3-2.cdninstagram.com/v/t51.2885-19/92706831_218795286104464_2002305017431719936_n.jpg?stp=dst-jpg_s150x150&_nc_ht=scontent-lga3-2.cdninstagram.com&_nc_cat=104&_nc_ohc=4cil4__WpCkAX9A93pM&edm=AId3EpQBAAAA&ccb=7-4&oh=00_AT8gEM79vfdVX-Qz2SY6oFdC6TfEX7R2wZsl2EWqYibaMg&oe=62404174&_nc_sid=705020,mr_monty_toy_designer,https://www.instagram.com/mr_monty_toy_designer,Thefting Grandmother,0,0,2020-06-04T07:09:10.000Z,17854083131057085,16613928467,2022-03-22T13:10:34.711Z,https://www.instagram.com/p/B_EchW5HU8T/,
https://scontent-lga3-2.cdninstagram.com/v/t51.2885-19/274471363_411710927394738_6999661537908707064_n.jpg?stp=dst-jpg_s150x150&_nc_ht=scontent-lga3-2.cdninstagram.com&_nc_cat=106&_nc_ohc=x9Ls2yrEjO0AX-ZArkn&edm=AId3EpQBAAAA&ccb=7-4&oh=00_AT8gkGwRv80zAeLJXBOQQH0Hxmpf4SP7T2ytTJZuHLWc-Q&oe=62418B54&_nc_sid=705020,b43ad_,https://www.instagram.com/b43ad_,Some ppl will be like um ok? Takes cake put it aside and starts doing it again,0,0,2020-05-22T20:11:20.000Z,17949459622339478,9733013179,2022-03-22T13:10:34.711Z,https://www.instagram.com/p/B_EchW5HU8T/,
https://scontent-lga3-2.cdninstagram.com/v/t51.2885-19/272237827_112084181372537_2487718752357037497_n.jpg?stp=dst-jpg_s150x150&_nc_ht=scontent-lga3-2.cdninstagram.com&_nc_cat=105&_nc_ohc=Z0GATRs65FgAX-IuODm&edm=AId3EpQBAAAA&ccb=7-4&oh=00_AT_MMFdBau1lUdIO653izrkBFKRZ8YfglYAL6ko21Reshg&oe=62419D6E&_nc_sid=705020,ahlamalhammadi,https://www.instagram.com/ahlamalhammadi,Great video!! üëèüèª,1,0,2020-04-17T06:29:54.000Z,17878360786600492,1021555763,2022-03-22T13:10:34.711Z,https://www.instagram.com/p/B_EchW5HU8T/,
,,,,,,,,,2022-03-22T13:11:07.256Z,https://www.instagram.com/p/B-tZJVGnhIP/,Couldn't access post
,,,,,,,,,2022-03-22T13:11:38.772Z,https://www.instagram.com/p/B-d-W7iHd2B/,Couldn't access post
,,,,,,,,,2022-03-22T13:12:10.260Z,https://www.instagram.com/p/B-Ri57OHtLJ/,Couldn't access post
,,,,,,,,,2022-03-22T13:12:41.773Z,https://www.instagram.com/p/B-MLpf2HvaS/,Couldn't access post
,,,,,,,,,2022-03-22T13:13:13.241Z,https://www.instagram.com/p/B-JvVPaHpoi/,Couldn't access post
,,,,,,,,,2022-03-22T13:13:44.621Z,https://www.instagram.com/p/B-HAKQKHY3k/,Couldn't access post
,,,,,,,,,2022-03-22T13:14:16.202Z,https://www.instagram.com/p/B9-1OtjHpfV/,Couldn't access post
,,,,,,,,,2022-03-22T13:14:47.804Z,https://www.instagram.com/p/B91eyZpnLTn/,Couldn't access post
,,,,,,,,,2022-03-22T13:15:19.188Z,https://www.instagram.com/p/B91JzfgnY8v/,Couldn't access post
,,,,,,,,,2022-03-22T13:15:50.819Z,https://www.instagram.com/p/B9tf3GvnY4-/,Couldn't access post
,,,,,,,,,2022-03-22T13:16:22.314Z,https://www.instagram.com/p/B9rPyeVnMY6/,Couldn't access post
,,,,,,,,,2022-03-22T13:16:53.845Z,https://www.instagram.com/p/B9jN2d4nOs4/,Couldn't access post
,,,,,,,,,2022-03-22T13:17:25.276Z,https://www.instagram.com/p/B9dIXW8H-6M/,Couldn't access post
,,,,,,,,,2022-03-22T13:17:57.289Z,https://www.instagram.com/p/B9JwMFsnsLt/,Couldn't access post
,,,,,,,,,2022-03-22T13:18:28.983Z,https://www.instagram.com/p/B9Gb5uqHtee/,Couldn't access post
,,,,,,,,,2022-03-22T13:19:00.525Z,https://www.instagram.com/p/B9BID1vHq2M/,Couldn't access post
,,,,,,,,,2022-03-22T13:19:32.015Z,https://www.instagram.com/p/B80QB-9HM4s/,Couldn't access post
,,,,,,,,,2022-03-22T13:20:03.370Z,https://www.instagram.com/p/B8yjszlHao5/,Couldn't access post
,,,,,,,,,2022-03-22T13:20:35.047Z,https://www.instagram.com/p/B8v-vD9H_FK/,Couldn't access post
,,,,,,,,,2022-03-22T13:21:06.637Z,https://www.instagram.com/p/B8s-kxznJEf/,Couldn't access post
,,,,,,,,,2022-03-22T13:21:38.009Z,https://www.instagram.com/p/B8lWbnAH3DQ/,Couldn't access post
,,,,,,,,,2022-03-22T13:22:09.435Z,https://www.instagram.com/p/B8k0wTSHAUr/,Couldn't access post
,,,,,,,,,2022-03-22T13:22:40.909Z,https://www.instagram.com/p/B8h_4ZZnaKt/,Couldn't access post
,,,,,,,,,2022-03-22T13:23:12.554Z,https://www.instagram.com/p/B8dzxt3Hceo/,Couldn't access post
,,,,,,,,,2022-03-22T13:23:44.038Z,https://www.instagram.com/p/B8Tk-r5ncCl/,Couldn't access post
,,,,,,,,,2022-03-22T13:24:15.381Z,https://www.instagram.com/p/B8TU7bDnHhx/,Couldn't access post
,,,,,,,,,2022-03-22T13:24:46.932Z,https://www.instagram.com/p/B8QehH7n2FM/,Couldn't access post
,,,,,,,,,2022-03-22T13:25:18.412Z,https://www.instagram.com/p/B8N8GHBnS-4/,Couldn't access post
,,,,,,,,,2022-03-22T13:25:49.927Z,https://www.instagram.com/p/B8LhbAkHQY-/,Couldn't access post
,,,,,,,,,2022-03-22T13:26:21.563Z,https://www.instagram.com/p/B7_LRXAHws7/,Couldn't access post
,,,,,,,,,2022-03-22T13:26:53.580Z,https://www.instagram.com/p/B75-OUYH11t/,Couldn't access post
,,,,,,,,,2022-03-22T13:27:25.092Z,https://www.instagram.com/p/B7uhKYCn2eh/,Couldn't access post
,,,,,,,,,2022-03-22T13:27:56.733Z,https://www.instagram.com/p/B7sspc9HG48/,Couldn't access post
,,,,,,,,,2022-03-22T13:28:28.186Z,https://www.instagram.com/p/B7nmKwAHyQh/,Couldn't access post
,,,,,,,,,2022-03-22T13:28:59.735Z,https://www.instagram.com/p/B7gCj9gnie8/,Couldn't access post
,,,,,,,,,2022-03-22T13:29:31.261Z,https://www.instagram.com/p/B7axXKHHBZB/,Couldn't access post
,,,,,,,,,2022-03-22T13:30:02.823Z,https://www.instagram.com/p/B7IrPyygJ5q/,Couldn't access post
,,,,,,,,,2022-03-22T13:30:34.667Z,https://www.instagram.com/p/B7A-RGenn9J/,Couldn't access post
,,,,,,,,,2022-03-22T13:31:06.181Z,https://www.instagram.com/p/B6-YPG_nAgz/,Couldn't access post
,,,,,,,,,2022-03-22T13:31:37.874Z,https://www.instagram.com/p/B64ggTNnDmA/,Couldn't access post
,,,,,,,,,2022-03-22T13:32:09.422Z,https://www.instagram.com/p/B62vrv1nLRy/,Couldn't access post
,,,,,,,,,2022-03-22T13:32:40.884Z,https://www.instagram.com/p/B6uTa6EH15Y/,Couldn't access post
,,,,,,,,,2022-03-22T13:33:12.593Z,https://www.instagram.com/p/B6pA0ZmHC7x/,Couldn't access post
,,,,,,,,,2022-03-22T13:33:44.207Z,https://www.instagram.com/p/B6kmsc6HI-2/,Couldn't access post
,,,,,,,,,2022-03-22T13:34:15.622Z,https://www.instagram.com/p/B6eqvPanFiZ/,Couldn't access post
,,,,,,,,,2022-03-22T13:34:46.995Z,https://www.instagram.com/p/B6c_1Cjnne7/,Couldn't access post
,,,,,,,,,2022-03-22T13:35:18.510Z,https://www.instagram.com/p/B6XAPEmnhC3/,Couldn't access post
,,,,,,,,,2022-03-22T13:35:49.963Z,https://www.instagram.com/p/B6Se4qsnHyo/,Couldn't access post
,,,,,,,,,2022-03-22T13:36:21.426Z,https://www.instagram.com/p/B6NUekSnKS4/,Couldn't access post
,,,,,,,,,2022-03-22T13:36:52.910Z,https://www.instagram.com/p/B6K8UHRHXJ1/,Couldn't access post
,,,,,,,,,2022-03-22T13:37:24.477Z,https://www.instagram.com/p/B6Akii5nOB2/,Couldn't access post
,,,,,,,,,2022-03-22T13:37:55.955Z,https://www.instagram.com/p/B547dVcH9gM/,Couldn't access post
,,,,,,,,,2022-03-22T13:38:27.362Z,https://www.instagram.com/p/B52Pb7gnvkE/,Couldn't access post
,,,,,,,,,2022-03-22T13:38:58.855Z,https://www.instagram.com/p/B5oh6hzno-T/,Couldn't access post
,,,,,,,,,2022-03-22T13:39:30.237Z,https://www.instagram.com/p/B5m5l_HnXWG/,Couldn't access post
,,,,,,,,,2022-03-22T13:40:01.594Z,https://www.instagram.com/p/B5cXeaHnsle/,Couldn't access post
,,,,,,,,,2022-03-22T13:40:33.091Z,https://www.instagram.com/p/B5KFRY5H_1B/,Couldn't access post
,,,,,,,,,2022-03-22T13:41:04.567Z,https://www.instagram.com/p/B5HQTLknUyo/,Couldn't access post
,,,,,,,,,2022-03-22T13:41:36.069Z,https://www.instagram.com/p/B5CG70gHnKh/,Couldn't access post
,,,,,,,,,2022-03-22T13:42:07.652Z,https://www.instagram.com/p/B41wzzpnArP/,Couldn't access post
,,,,,,,,,2022-03-22T13:42:39.390Z,https://www.instagram.com/p/B4zGIgLn8s9/,Couldn't access post
,,,,,,,,,2022-03-22T13:43:10.791Z,https://www.instagram.com/p/B4wlzOJnFRI/,Couldn't access post
,,,,,,,,,2022-03-22T13:43:42.154Z,https://www.instagram.com/p/B4mjzNlnMzs/,Couldn't access post
,,,,,,,,,2022-03-22T13:44:13.687Z,https://www.instagram.com/p/B4liOUZHcEl/,Couldn't access post
,,,,,,,,,2022-03-22T13:44:45.065Z,https://www.instagram.com/p/B4jx7WCHtys/,Couldn't access post
,,,,,,,,,2022-03-22T13:45:16.671Z,https://www.instagram.com/p/B4b0fDvHW3Z/,Couldn't access post
,,,,,,,,,2022-03-22T13:45:48.131Z,https://www.instagram.com/p/B4WEuj_nUAW/,Couldn't access post
,,,,,,,,,2022-03-22T13:46:19.749Z,https://www.instagram.com/p/B4Uq6bznDyw/,Couldn't access post
,,,,,,,,,2022-03-22T13:46:51.862Z,https://www.instagram.com/p/B4OawFWn9w7/,Couldn't access post
,,,,,,,,,2022-03-22T13:47:23.422Z,https://www.instagram.com/p/B4GixZtnvfx/,Couldn't access post
,,,,,,,,,2022-03-22T13:47:54.990Z,https://www.instagram.com/p/B3-7Z3dHxuI/,Couldn't access post
,,,,,,,,,2022-03-22T13:48:26.528Z,https://www.instagram.com/p/B38PvpOHvYO/,Couldn't access post
,,,,,,,,,2022-03-22T13:48:57.915Z,https://www.instagram.com/p/B34LYmHnV4Q/,Couldn't access post
,,,,,,,,,2022-03-22T13:49:29.574Z,https://www.instagram.com/p/B3wUZkPHWkA/,Couldn't access post
,,,,,,,,,2022-03-22T13:50:01.137Z,https://www.instagram.com/p/B3tVOU1Hhzb/,Couldn't access post
,,,,,,,,,2022-03-22T13:50:32.647Z,https://www.instagram.com/p/B3jzBTon6co/,Couldn't access post
,,,,,,,,,2022-03-22T13:51:04.553Z,https://www.instagram.com/p/B3ei8BmH-CY/,Couldn't access post
,,,,,,,,,2022-03-22T13:51:36.134Z,https://www.instagram.com/p/B3b_FwdluIn/,Couldn't access post
,,,,,,,,,2022-03-22T13:52:07.729Z,https://www.instagram.com/p/B3ZDeMrHS87/,Couldn't access post
,,,,,,,,,2022-03-22T13:52:39.295Z,https://www.instagram.com/p/B3McDUtn-ku/,Couldn't access post
,,,,,,,,,2022-03-22T13:53:10.829Z,https://www.instagram.com/p/B3MbY6fnUES/,Couldn't access post
,,,,,,,,,2022-03-22T13:53:42.519Z,https://www.instagram.com/p/B3ETemLHFhk/,Couldn't access post
,,,,,,,,,2022-03-22T13:54:14.202Z,https://www.instagram.com/p/B26acsnHLqi/,Couldn't access post
,,,,,,,,,2022-03-22T13:54:45.931Z,https://www.instagram.com/p/B2oAfb7HnP3/,Couldn't access post
,,,,,,,,,2022-03-22T13:55:17.431Z,https://www.instagram.com/p/B2dWQ99HOyz/,Couldn't access post
,,,,,,,,,2022-03-22T13:55:49.042Z,https://www.instagram.com/p/B2YPhp_niPH/,Couldn't access post
,,,,,,,,,2022-03-22T13:56:20.570Z,https://www.instagram.com/p/B2WVbT5HDjr/,Couldn't access post
,,,,,,,,,2022-03-22T13:56:51.955Z,https://www.instagram.com/p/B2TMRyynM56/,Couldn't access post
,,,,,,,,,2022-03-22T13:57:23.528Z,https://www.instagram.com/p/B2OedDxnGgp/,Couldn't access post
,,,,,,,,,2022-03-22T13:57:55.082Z,https://www.instagram.com/p/BvjLom_BkGS/,Couldn't access post
,,,,,,,,,2022-03-22T13:58:26.630Z,https://www.instagram.com/p/Bu8drTABSe7/,Couldn't access post
,,,,,,,,,2022-03-22T13:58:58.129Z,https://www.instagram.com/p/Bu59M4rh80a/,Couldn't access post
,,,,,,,,,2022-03-22T13:59:29.838Z,https://www.instagram.com/p/Bu5zYglBGsC/,Couldn't access post
,,,,,,,,,2022-03-22T14:00:01.354Z,https://www.instagram.com/p/Bu3So1Bh3os/,Couldn't access post
,,,,,,,,,2022-03-22T14:00:33.014Z,https://www.instagram.com/p/Buu3C9TBZyf/,Couldn't access post
,,,,,,,,,2022-03-22T14:01:04.671Z,https://www.instagram.com/p/BusOKO9BvZy/,Couldn't access post
,,,,,,,,,2022-03-22T14:01:36.143Z,https://www.instagram.com/p/Buf5_j0hsG2/,Couldn't access post
,,,,,,,,,2022-03-22T14:02:07.631Z,https://www.instagram.com/p/BufxhjZBBSF/,Couldn't access post
,,,,,,,,,2022-03-22T14:02:39.413Z,https://www.instagram.com/p/Buc1PYCBpeK/,Couldn't access post
,,,,,,,,,2022-03-22T14:03:11.096Z,https://www.instagram.com/p/Buc0fc_hspr/,Couldn't access post
,,,,,,,,,2022-03-22T14:03:42.567Z,https://www.instagram.com/p/BuGewEGhsVp/,Couldn't access post
,,,,,,,,,2022-03-22T14:04:18.183Z,https://www.instagram.com/p/BuA6nEhhvhO/,Couldn't access post
,,,,,,,,,2022-03-22T14:04:49.762Z,https://www.instagram.com/p/Bt2DlWhhHX_/,Couldn't access post
,,,,,,,,,2022-03-22T14:05:21.416Z,https://www.instagram.com/p/BtlP3A1h3t9/,Couldn't access post
,,,,,,,,,2022-03-22T14:05:53.110Z,https://www.instagram.com/p/Btep1JxBny6/,Couldn't access post
,,,,,,,,,2022-03-22T14:06:24.690Z,https://www.instagram.com/p/BtVEBphhVsf/,Couldn't access post
,,,,,,,,,2022-03-22T14:06:56.189Z,https://www.instagram.com/p/BtN0pNchc-Q/,Couldn't access post
,,,,,,,,,2022-03-22T14:07:27.928Z,https://www.instagram.com/p/BtLOEVohFG-/,Couldn't access post
,,,,,,,,,2022-03-22T14:07:59.481Z,https://www.instagram.com/p/BsPU5YRBxqG/,Couldn't access post
,,,,,,,,,2022-03-22T14:08:30.920Z,https://www.instagram.com/p/Br9gtK9BC4X/,Couldn't access post
,,,,,,,,,2022-03-22T14:09:02.375Z,https://www.instagram.com/p/Bryr_BthJbk/,Couldn't access post
,,,,,,,,,2022-03-22T14:09:33.960Z,https://www.instagram.com/p/BrmZN01ham2/,Couldn't access post
,,,,,,,,,2022-03-22T14:10:06.403Z,https://www.instagram.com/p/BrE3MNBBDOp/,Couldn't access post
,,,,,,,,,2022-03-22T14:10:37.922Z,https://www.instagram.com/p/Bq_dUR0hZdz/,Couldn't access post
,,,,,,,,,2022-03-22T14:11:09.446Z,https://www.instagram.com/p/Bq8s7HPB20R/,Couldn't access post
,,,,,,,,,2022-03-22T14:11:41.083Z,https://www.instagram.com/p/Bqd-BFFBC-P/,Couldn't access post
,,,,,,,,,2022-03-22T14:12:12.648Z,https://www.instagram.com/p/BqOWnNZhN22/,Couldn't access post
,,,,,,,,,2022-03-22T14:12:44.102Z,https://www.instagram.com/p/Bp5rdAchuyD/,Couldn't access post
,,,,,,,,,2022-03-22T14:13:15.638Z,https://www.instagram.com/p/Bp0ydPvhsfz/,Couldn't access post
,,,,,,,,,2022-03-22T14:13:47.172Z,https://www.instagram.com/p/BpoM_RihwYy/,Couldn't access post
,,,,,,,,,2022-03-22T14:14:18.793Z,https://www.instagram.com/p/BpVrXWRHwPW/,Couldn't access post
,,,,,,,,,2022-03-22T14:14:50.366Z,https://www.instagram.com/p/BpDqO_anZJ3/,Couldn't access post
,,,,,,,,,2022-03-22T14:15:22.016Z,https://www.instagram.com/p/Bo2zWcmno1_/,Couldn't access post
,,,,,,,,,2022-03-22T14:15:53.526Z,https://www.instagram.com/p/Box0lNUnQ_Q/,Couldn't access post
,,,,,,,,,2022-03-22T14:16:24.833Z,https://www.instagram.com/p/BoqUHC6HGS6/,Couldn't access post
,,,,,,,,,2022-03-22T14:16:56.447Z,https://www.instagram.com/p/BokvJzhnE1c/,Couldn't access post
,,,,,,,,,2022-03-22T14:17:27.981Z,https://www.instagram.com/p/BojKvLLHO05/,Couldn't access post
,,,,,,,,,2022-03-22T14:17:59.447Z,https://www.instagram.com/p/BnxCiwOnO4E/,Couldn't access post
,,,,,,,,,2022-03-22T14:18:30.952Z,https://www.instagram.com/p/BnTL3Bfnyna/,Couldn't access post
,,,,,,,,,2022-03-22T14:19:02.419Z,https://www.instagram.com/p/BnIvlElHsdA/,Couldn't access post
,,,,,,,,,2022-03-22T14:19:33.875Z,https://www.instagram.com/p/BmPbH6sn7Rs/,Couldn't access post
,,,,,,,,,2022-03-22T14:20:05.378Z,https://www.instagram.com/p/BmNPJk4Hu0u/,Couldn't access post
,,,,,,,,,2022-03-22T14:20:37.081Z,https://www.instagram.com/p/BlsBG8FHtXO/,Couldn't access post
,,,,,,,,,2022-03-22T14:21:08.638Z,https://www.instagram.com/p/BlnIn3NnE01/,Couldn't access post
,,,,,,,,,2022-03-22T14:21:40.132Z,https://www.instagram.com/p/Bkw2X2VHl4-/,Couldn't access post
,,,,,,,,,2022-03-22T14:22:11.851Z,https://www.instagram.com/p/BkG9HGCHFMx/,Couldn't access post
,,,,,,,,,2022-03-22T14:22:43.323Z,https://www.instagram.com/p/BkBzLXLHmYf/,Couldn't access post
,,,,,,,,,2022-03-22T14:23:14.791Z,https://www.instagram.com/p/BjWM52bHIkd/,Couldn't access post
,,,,,,,,,2022-03-22T14:23:46.331Z,https://www.instagram.com/p/Bi7B30qHLr3/,Couldn't access post
,,,,,,,,,2022-03-22T14:24:17.775Z,https://www.instagram.com/p/Bisv2qfHFK5/,Couldn't access post
,,,,,,,,,2022-03-22T14:24:50.686Z,https://www.instagram.com/p/Bid6YGvFan3/,Couldn't access post
,,,,,,,,,2022-03-22T14:25:22.357Z,https://www.instagram.com/p/BhMSpRml1UM/,Couldn't access post
,,,,,,,,,2022-03-22T14:25:54.701Z,https://www.instagram.com/p/Bgk0lcPFIUM/,Couldn't access post
,,,,,,,,,2022-03-22T14:26:27.040Z,https://www.instagram.com/p/BgBQYcnlfyD/,Couldn't access post
,,,,,,,,,2022-03-22T14:26:59.121Z,https://www.instagram.com/p/BgBIdahlFRN/,Couldn't access post
,,,,,,,,,2022-03-22T14:27:30.897Z,https://www.instagram.com/p/BfabGwrFk2v/,Couldn't access post
,,,,,,,,,2022-03-22T14:28:02.731Z,https://www.instagram.com/p/BfZ1m2OFHQp/,Couldn't access post
,,,,,,,,,2022-03-22T14:28:34.256Z,https://www.instagram.com/p/BfNQgNelYTB/,Couldn't access post
,,,,,,,,,2022-03-22T14:29:05.929Z,https://www.instagram.com/p/BfKj2YWlUPb/,Couldn't access post
,,,,,,,,,2022-03-22T14:29:37.422Z,https://www.instagram.com/p/Be927n7F5AA/,Couldn't access post
,,,,,,,,,2022-03-22T14:30:09.151Z,https://www.instagram.com/p/BesaByiF6RY/,Couldn't access post
,,,,,,,,,2022-03-22T14:30:40.761Z,https://www.instagram.com/p/BeriX96FiG8/,Couldn't access post
,,,,,,,,,2022-03-22T14:31:15.081Z,https://www.instagram.com/p/BeoySN8FfRP/,Couldn't access post
,,,,,,,,,2022-03-22T14:31:46.872Z,https://www.instagram.com/p/BeoyKXnlwZz/,Couldn't access post
,,,,,,,,,2022-03-22T14:32:18.448Z,https://www.instagram.com/p/BeoyFcLFAMf/,Couldn't access post
,,,,,,,,,2022-03-22T14:32:49.903Z,https://www.instagram.com/p/Bd4mIywl7_M/,Couldn't access post
,,,,,,,,,2022-03-22T14:33:21.414Z,https://www.instagram.com/p/BdEUaqhl6za/,Couldn't access post
,,,,,,,,,2022-03-22T14:33:56.029Z,https://www.instagram.com/p/Bb8PSigBq7B/,Couldn't access post
,,,,,,,,,2022-03-22T14:34:27.483Z,https://www.instagram.com/p/Bb4OIXihjJG/,Couldn't access post
,,,,,,,,,2022-03-22T14:34:59.018Z,https://www.instagram.com/p/Bb3X1SLhHNS/,Couldn't access post
,,,,,,,,,2022-03-22T14:35:30.460Z,https://www.instagram.com/p/Bb0hJPUBWqz/,Couldn't access post
,,,,,,,,,2022-03-22T14:36:02.173Z,https://www.instagram.com/p/BbyZoSBhjgh/,Couldn't access post
,,,,,,,,,2022-03-22T14:36:33.665Z,https://www.instagram.com/p/Bbvb90zBF_o/,Couldn't access post
,,,,,,,,,2022-03-22T14:37:05.286Z,https://www.instagram.com/p/BbtgDMahKf0/,Couldn't access post
,,,,,,,,,2022-03-22T14:37:37.114Z,https://www.instagram.com/p/BbidWorh-s0/,Couldn't access post
,,,,,,,,,2022-03-22T14:38:08.930Z,https://www.instagram.com/p/Bbf8WnQB7sF/,Couldn't access post
,,,,,,,,,2022-03-22T14:38:40.383Z,https://www.instagram.com/p/Bbdj_nfhK73/,Couldn't access post
,,,,,,,,,2022-03-22T14:39:12.128Z,https://www.instagram.com/p/BbWuPgrjLeh/,Couldn't access post
,,,,,,,,,2022-03-22T14:39:43.653Z,https://www.instagram.com/p/BaeK482ht5o/,Couldn't access post
,,,,,,,,,2022-03-22T14:40:15.096Z,https://www.instagram.com/p/BaeHgxHhnkQ/,Couldn't access post
,,,,,,,,,2022-03-22T14:40:46.726Z,https://www.instagram.com/p/BaeGLS4hpO_/,Couldn't access post
,,,,,,,,,2022-03-22T14:41:18.289Z,https://www.instagram.com/p/BZk745uBlCQ/,Couldn't access post
,,,,,,,,,2022-03-22T14:41:49.847Z,https://www.instagram.com/p/BZf5XvaBIGl/,Couldn't access post
,,,,,,,,,2022-03-22T14:42:21.505Z,https://www.instagram.com/p/BZBGUfBB8d3/,Couldn't access post
,,,,,,,,,2022-03-22T14:42:52.931Z,https://www.instagram.com/p/BYiWlboBT5O/,Couldn't access post
,,,,,,,,,2022-03-22T14:43:24.386Z,https://www.instagram.com/p/BYdb3JmhPRs/,Couldn't access post
,,,,,,,,,2022-03-22T14:43:55.927Z,https://www.instagram.com/p/BYdUJ5FB-hj/,Couldn't access post
,,,,,,,,,2022-03-22T14:44:27.610Z,https://www.instagram.com/p/BXoueL_BON9/,Couldn't access post
,,,,,,,,,2022-03-22T14:44:59.261Z,https://www.instagram.com/p/BXfaY6XBICu/,Couldn't access post
,,,,,,,,,2022-03-22T14:45:30.883Z,https://www.instagram.com/p/BXDS16YBuIk/,Couldn't access post
,,,,,,,,,2022-03-22T14:46:02.536Z,https://www.instagram.com/p/BW1Y4xKBHKv/,Couldn't access post
,,,,,,,,,2022-03-22T14:46:33.964Z,https://www.instagram.com/p/BWb99BehokA/,Couldn't access post
,,,,,,,,,2022-03-22T14:47:05.515Z,https://www.instagram.com/p/BWJnYtQhs6m/,Couldn't access post
,,,,,,,,,2022-03-22T14:47:37.018Z,https://www.instagram.com/p/BVvpp2-hjLg/,Couldn't access post
,,,,,,,,,2022-03-22T14:48:08.593Z,https://www.instagram.com/p/BVd3eMxBIYd/,Couldn't access post
,,,,,,,,,2022-03-22T14:48:41.888Z,https://www.instagram.com/p/BUHadyxBWZR/,Couldn't access post
,,,,,,,,,2022-03-22T14:49:13.521Z,https://www.instagram.com/p/BS_RGl3B598/,Couldn't access post
,,,,,,,,,2022-03-22T14:49:44.941Z,https://www.instagram.com/p/BSxQK7CBGXy/,Couldn't access post
,,,,,,,,,2022-03-22T14:50:16.521Z,https://www.instagram.com/p/BR91X4qBHXe/,Couldn't access post
,,,,,,,,,2022-03-22T14:50:48.017Z,https://www.instagram.com/p/BRm6LpDhoav/,Couldn't access post
,,,,,,,,,2022-03-22T14:51:19.507Z,https://www.instagram.com/p/BRYNS_eh4Od/,Couldn't access post
,,,,,,,,,2022-03-22T14:51:51.412Z,https://www.instagram.com/p/BRX7dzyhnAU/,Couldn't access post
,,,,,,,,,2022-03-22T14:52:23.038Z,https://www.instagram.com/p/BRUr9-7hO9E/,Couldn't access post
,,,,,,,,,2022-03-22T14:52:54.607Z,https://www.instagram.com/p/BRKJFbSBirw/,Couldn't access post
,,,,,,,,,2022-03-22T14:53:26.085Z,https://www.instagram.com/p/BRAaMamBTo6/,Couldn't access post
,,,,,,,,,2022-03-22T14:53:57.713Z,https://www.instagram.com/p/BQ2hR-rh2FI/,Couldn't access post
,,,,,,,,,2022-03-22T14:54:29.242Z,https://www.instagram.com/p/BQ2IUTZBmlY/,Couldn't access post
,,,,,,,,,2022-03-22T14:55:00.678Z,https://www.instagram.com/p/BP9FhGQgrSf/,Couldn't access post
,,,,,,,,,2022-03-22T14:55:32.243Z,https://www.instagram.com/p/BNnt4qZgxsn/,Couldn't access post
,,,,,,,,,2022-03-22T14:56:03.791Z,https://www.instagram.com/p/BLPtcTNg-EX/,Couldn't access post
,,,,,,,,,2022-03-22T14:56:35.541Z,https://www.instagram.com/p/BKcbLreATu_/,Couldn't access post