profileUrl,screenName,userId,name,imgUrl,backgroundImg,bio,website,location,createdAt,followersCount,friendsCount,tweetsCount,certified,following,followedBy,query,timestamp
https://twitter.com/Sumi_Thomas_,Sumi_Thomas_,1467689928905486337,Sumi Thomas,https://pbs.twimg.com/profile_images/1467848561282846721/-viYqz2b_normal.jpg,https://pbs.twimg.com/profile_banners/1467689928905486337/1638803458,Educator | Researcher | Writer at What's Up (Singapore's newspaper for students) | Freelance Editor | DM is open only for work-related messages. Thank you.,,Singapore,Mon Dec 06 02:58:56 +0000 2021,90,299,14,false,false,false,https://twitter.com/sgchildrensoc,2022-03-22T05:23:12.726Z
https://twitter.com/Films_ForAll,Films_ForAll,192622365,Films For Allüá∫üá¶,https://pbs.twimg.com/profile_images/1278252761075810304/xlQGPcmU_normal.jpg,https://pbs.twimg.com/profile_banners/192622365/1593594226,"Participation, Research and Training Using Multimedia and Video for Stronger Voices. Social enterprise specializing in youth, community and human rights.",https://t.co/iJJVTid5SC,International,Sun Sep 19 17:53:46 +0000 2010,325,192,1213,false,false,false,https://twitter.com/sgchildrensoc,2022-03-22T05:23:12.726Z
https://twitter.com/Elena_96669,Elena_96669,487344131,"Elena Bolotova - member of ""Inclusive Practices""",https://pbs.twimg.com/profile_images/1012297744839598080/YEOt7_X-_normal.jpg,https://pbs.twimg.com/profile_banners/487344131/1530185566,"Fourteen years of experience in human resources development. Developer of the program ""Managing stress in the training of children with special needs""",https://t.co/qpAtQ8MPgr,Georgia,Thu Feb 09 08:14:56 +0000 2012,111,425,377,false,false,false,https://twitter.com/sgchildrensoc,2022-03-22T05:23:12.726Z
https://twitter.com/gimeunhye121,gimeunhye121,1484279087934111744,gimeunhye12,https://pbs.twimg.com/profile_images/1484279687530819584/mYC8-etM_normal.jpg,,Î∞òÎ†§ÎÇúÍΩÉÍ≥º Ìñ•Ïùò ÏÑ†Î¨º.,,,Thu Jan 20 21:38:57 +0000 2022,2,160,1634,false,false,false,https://twitter.com/sgchildrensoc,2022-03-22T05:23:12.726Z
https://twitter.com/haroldoborralho,haroldoborralho,2348975328,Haroldo M. Borralho,https://pbs.twimg.com/profile_images/464477320166653952/Fg1J8Tjc_normal.jpeg,https://pbs.twimg.com/profile_banners/2348975328/1399575046,,,,Mon Feb 17 19:40:58 +0000 2014,1362,4986,10484,false,false,false,https://twitter.com/sgchildrensoc,2022-03-22T05:23:12.726Z
https://twitter.com/hngzhanpeng,hngzhanpeng,1243822524728655878,Lord Zhan of Warwickshire,https://abs.twimg.com/sticky/default_profile_images/default_profile_normal.png,,Self-appointed Peer,,,Sat Mar 28 08:49:51 +0000 2020,45,3561,2519,false,false,false,https://twitter.com/sgchildrensoc,2022-03-22T05:23:12.726Z
https://twitter.com/PRADIPK16060930,PRADIPK16060930,1425734138972176385,PRADIP KUMAR MUKHOPADHYAY,https://pbs.twimg.com/profile_images/1431936066957631493/u-77y5Tr_normal.jpg,,"We only live once, but if we do it right, once is enough.",,,Thu Aug 12 08:22:03 +0000 2021,14,1482,3,false,false,false,https://twitter.com/sgchildrensoc,2022-03-22T05:23:12.726Z
https://twitter.com/CRCAsia,CRCAsia,2707985773,Child Rights Coalition Asia,https://pbs.twimg.com/profile_images/871904931715751936/yo-XDL6x_normal.jpg,https://pbs.twimg.com/profile_banners/2707985773/1537865290,We are a regional network of organizations working together to be a strong voice for #ChildRights in Asia.,https://t.co/4dxT3W2ZWf,,Tue Aug 05 01:42:57 +0000 2014,1598,855,5588,true,false,false,https://twitter.com/sgchildrensoc,2022-03-22T05:23:12.726Z
https://twitter.com/s_u_n_j_a_y,s_u_n_j_a_y,1397498835463774208,Sanjay Janapareddi,https://pbs.twimg.com/profile_images/1479983810930483203/wQbvqfkm_normal.jpg,https://pbs.twimg.com/profile_banners/1397498835463774208/1641690569,https://t.co/mFBWq5L7c8,https://t.co/Ja0OQ7wAMn,"Houston, Texas",Wed May 26 10:25:01 +0000 2021,72,5000,10370,false,false,false,https://twitter.com/sgchildrensoc,2022-03-22T05:23:12.726Z
https://twitter.com/LUV_YLD,LUV_YLD,1427588985275093000,LUV YLD,https://pbs.twimg.com/profile_images/1427590101874270216/kRQ1oK2P_normal.jpg,https://pbs.twimg.com/profile_banners/1427588985275093000/1629198977,,,Singapore,Tue Aug 17 11:12:13 +0000 2021,1,38,3,false,false,false,https://twitter.com/sgchildrensoc,2022-03-22T05:23:12.726Z
https://twitter.com/JBJeyaretnam,JBJeyaretnam,1046343639360839680,J.B. Jeyaretnam Project Ltd,https://pbs.twimg.com/profile_images/1046412387602108421/QjuEUCMU_normal.jpg,https://pbs.twimg.com/profile_banners/1046343639360839680/1538303116,Official JBJ Account (Joshua Benjamin Jeyaretnam). Legal entity: The J B Jeyaretnam Project Ltd #202131661W. Working on IPC status. Let‚Äôs thrive together! üá∏üá¨,https://t.co/jn7YBnbTPM,Singapore,Sun Sep 30 10:18:58 +0000 2018,146,134,381,false,false,false,https://twitter.com/sgchildrensoc,2022-03-22T05:23:12.726Z
https://twitter.com/ishu_rp,ishu_rp,50327560,Ishan Rajpurohit,https://pbs.twimg.com/profile_images/1114033907823824896/IBTmRLhT_normal.jpg,,,,Singapore,Wed Jun 24 14:59:50 +0000 2009,105,257,95,false,false,false,https://twitter.com/sgchildrensoc,2022-03-22T05:23:12.726Z
https://twitter.com/quickhrsg,quickhrsg,889295736625664000,QuickHR Singapore,https://pbs.twimg.com/profile_images/950940894387056640/Dih2cDgz_normal.jpg,https://pbs.twimg.com/profile_banners/889295736625664000/1617778076,"The complete HR management solution. Secure, seamless and cloud-based human resource management software.",https://t.co/wlwpHvXcDw,Singapore,Mon Jul 24 01:26:40 +0000 2017,163,126,314,false,false,false,https://twitter.com/sgchildrensoc,2022-03-22T05:23:12.726Z
https://twitter.com/Anindya72727262,Anindya72727262,1374230733846286337,Hana Petal Singapore PTE LTD,https://pbs.twimg.com/profile_images/1427973914097946631/IfAXWcgg_normal.jpg,,"Nurturing South East Asian Literature #booklovers #bookpromotion #amwriting #readers
#writingcommunity #writerslift #getpublished #writers #authors",,South East Asia,Tue Mar 23 05:25:49 +0000 2021,730,995,119,false,false,false,https://twitter.com/sgchildrensoc,2022-03-22T05:23:12.726Z
https://twitter.com/HoiShan_Cheung,HoiShan_Cheung,1225193752861347842,Hoi Shan Cheung,https://pbs.twimg.com/profile_images/1290869184600006657/7oGDrfKX_normal.jpg,,"Assistant Professor of Psychology at Yale-NUS College. Research focuses on attachment, parenting, school bullying, children's social development and education.",https://t.co/qgnLP3ej9Y,"Yale-NUS College, Singapore",Wed Feb 05 23:05:41 +0000 2020,14,44,11,false,false,false,https://twitter.com/sgchildrensoc,2022-03-22T05:23:12.726Z
https://twitter.com/elinorlim_,elinorlim_,1395025806372466688,Elinor Lim,https://pbs.twimg.com/profile_images/1395049685816020996/rxZepCGk_normal.jpg,https://pbs.twimg.com/profile_banners/1395025806372466688/1636561133,"üá∏üá¨ | MSc Social Research Methods, University of Southampton '22 | SCDTP funded PhD student @uop_psychology researching inclusive higher education | views mine",,Southampton / Singapore,Wed May 19 14:37:37 +0000 2021,68,175,146,false,false,false,https://twitter.com/sgchildrensoc,2022-03-22T05:23:12.726Z
https://twitter.com/KampungBoii,KampungBoii,252415366,Jerome Wong,https://pbs.twimg.com/profile_images/2393099835/IMG-20120529-WA000_normal.jpg,https://pbs.twimg.com/profile_banners/252415366/1359071912,Because I can.,,,Tue Feb 15 04:16:17 +0000 2011,205,551,2674,false,false,false,https://twitter.com/sgchildrensoc,2022-03-22T05:23:12.726Z
https://twitter.com/zira99722724,zira99722724,1394950145041522689,zira,https://pbs.twimg.com/profile_images/1394950445928370185/csXgQABN_normal.jpg,,,,,Wed May 19 09:37:00 +0000 2021,6,137,0,false,false,false,https://twitter.com/sgchildrensoc,2022-03-22T05:23:12.726Z
https://twitter.com/Carlo48430919,Carlo48430919,1394533872847654916,Carlo,https://pbs.twimg.com/profile_images/1394536383587373057/EkzOWNqv_normal.jpg,,Smart & non-stop moving forward.,,Singapore & Malaysia,Tue May 18 06:02:47 +0000 2021,30,479,7,false,false,false,https://twitter.com/sgchildrensoc,2022-03-22T05:23:12.726Z
https://twitter.com/CosmosSejal,CosmosSejal,1001520587662127104,Sejal Mehta (SejAir),https://pbs.twimg.com/profile_images/1001521212449873920/FB_-f235_normal.jpg,https://pbs.twimg.com/profile_banners/1001520587662127104/1583429051,LIVE & LET LIVE !,,"Ahmadabad City, India",Tue May 29 17:48:10 +0000 2018,81,799,403,false,false,false,https://twitter.com/sgchildrensoc,2022-03-22T05:23:12.726Z
https://twitter.com/sembian_siva,sembian_siva,1388064725984972801,‡Æö‡ØÜ‡ÆÆ‡Øç‡Æ™‡Æø‡ÆØ‡Æ©‡Øç üíé,https://pbs.twimg.com/profile_images/1456596968071856133/d-GanxmN_normal.jpg,https://pbs.twimg.com/profile_banners/1388064725984972801/1636114754,"‡Æá‡Æö‡Øà‡ÆØ‡ØÅ‡ÆÆ‡Øç ‡Æá‡Æ©‡Øç‡Æ™‡ÆÆ‡ØÅ‡ÆÆ‡Øç ‡Æà‡Æ§‡Æ≤‡ØÅ‡ÆÆ‡Øç ‡ÆÆ‡ØÇ‡Æ©‡Øç‡Æ±‡ØÅ‡ÆÆ‡Øç
‡ÆÖ‡Æö‡Øà‡ÆØ‡ØÅ‡Æ®‡Æ∞‡Øç ‡Æá‡Æ∞‡ØÅ‡Æ®‡Øç‡Æ§‡Øã‡Æ∞‡Øç‡Æï‡Øç‡Æï‡ØÅ ‡ÆÖ‡Æ∞‡ØÅ‡ÆÆ‡Øç‡Æ™‡ØÅ‡Æ£‡Æ∞‡Øç‡Æµ‡ØÅ ‡Æà‡Æ©‡Øç",,‡Æ§‡ØÜ‡Æ©‡Øç‡Æ™‡Ææ‡Æ£‡Øç‡Æü‡Æø ‡Æö‡ØÄ‡ÆÆ‡Øà ,Fri Apr 30 09:36:47 +0000 2021,38,1296,14,false,false,false,https://twitter.com/sgchildrensoc,2022-03-22T05:23:13.390Z
https://twitter.com/Digital247_,Digital247_,1380489180141268998,Digital Products Store,https://pbs.twimg.com/profile_images/1423263833834074113/PT4yY7gz_normal.jpg,https://pbs.twimg.com/profile_banners/1380489180141268998/1628166947,"A global digital products store. The right place to buy digital downloads such as ebooks, audiobooks, etc. Follow us on twitter!",https://t.co/IktsgMa9jJ,Global,Fri Apr 09 11:54:57 +0000 2021,144,4971,36,false,false,false,https://twitter.com/sgchildrensoc,2022-03-22T05:23:13.390Z
https://twitter.com/Mariebiscuitty,Mariebiscuitty,41282773,Marie Tan,https://pbs.twimg.com/profile_images/1275783282920026113/SdFqvaOY_normal.jpg,,,,Singapore,Wed May 20 03:05:06 +0000 2009,15,287,8,false,false,false,https://twitter.com/sgchildrensoc,2022-03-22T05:23:13.390Z
https://twitter.com/Sumi_musings,Sumi_musings,1030082547168894977,Miss Sumi,https://pbs.twimg.com/profile_images/1397275905777537025/nB4sQruL_normal.jpg,https://pbs.twimg.com/profile_banners/1030082547168894977/1594983431,"A soul, seeker of spirituality & wisdom, follower of the Messiah. üéµ Where is the love ~ Black Eyed Peas. üö´ DM.",https://t.co/UHFdopsI5H,Asteroid B-612,Thu Aug 16 13:23:12 +0000 2018,485,941,14814,false,false,false,https://twitter.com/sgchildrensoc,2022-03-22T05:23:13.390Z
https://twitter.com/TikTokForGood,TikTokForGood,1186496494754385920,TikTok For Good,https://pbs.twimg.com/profile_images/1417329724078977027/IQ09CBw6_normal.jpg,https://pbs.twimg.com/profile_banners/1186496494754385920/1626752714,Use TikTok to do good. We want to inspire and encourage a new generation to have a positive impact on the planet and those around them.,https://t.co/ilfiHGBhsC,Global,Tue Oct 22 04:17:06 +0000 2019,127184,1686,980,true,false,false,https://twitter.com/sgchildrensoc,2022-03-22T05:23:13.390Z
https://twitter.com/AngelicaPE_SE,AngelicaPE_SE,1382127828171374596,AÃÜÃànÃÜÃàgÃÜÃàeÃÜÃàlÃÜÃàiÃÜÃàcÃÜÃàaÃÜÃà.PÃÜÃàEÃÜÃà,https://pbs.twimg.com/profile_images/1483965314689908738/DlWb2uUg_normal.jpg,https://pbs.twimg.com/profile_banners/1382127828171374596/1618402133,üè≥Ô∏èüè≥Ô∏èü§îü§îü§î,,"Aracaju, Brazil",Wed Apr 14 00:25:43 +0000 2021,202,3389,24352,false,false,false,https://twitter.com/sgchildrensoc,2022-03-22T05:23:13.390Z
https://twitter.com/icqpickup,icqpickup,1375733682133159937,ÊòäÂ§©‰∏ÄÁ•ûÊïô,https://pbs.twimg.com/profile_images/1478723786455322632/hGcI27wb_normal.jpg,,ÈÄÄÊ≠•Â£¨/ÂÑíÊñØÊûó/Ê±âÊóèÂ§çÂõΩ‰∏ª‰πâ/ÂÆóÊïôÂ§çÂõΩ‰∏ª‰πâ/ÊòäÂ§©‰∏ÄÁ•ûÊïô‰ø°Âæí/ÂÆóÊïôÊ∞ëÊóè‰∏ª‰πâ/ÊîøÊïôÂêà‰∏Ä/Á¨¨‰∏â‰ΩçÁΩÆ/Ê±âÊóè‰∏∫ÊòäÂ§©‰∏äÂ∏ùÁöÑÁâπÈÄâ‰πãÊ∞ë/ÂõΩÂÆ∂Êñ∞Á§æÂõ¢‰∏ª‰πâ/ÁªèÊµéÊ∞ëÊóè‰∏ª‰πâ/ÂèçÂÖ±‰∏ª‰πâ/Â∑•‰∏öÂÖö/ÂèçÁäπ/ÊùÄÂÖâÁäπÂ§™üê∑/ÂèçÂü∫Áù£Êïô/Âèç‰ºäÊñØÂÖ∞/ÂèçÈªë/Ê†∏Âπ≥ÈùûÊ¥≤ing/ÈªëÂëΩË¥±/ÊùÄÂÖâÈªë‰∫∫/Èªë‰∫∫Ê≤°Êúâ‰∏Ä‰∏™ÊòØÊó†ËæúÁöÑ/ÂèçÂÖ®ÁêÉÂåñ/Âèç‰∏ñ‰øó‰∏ª‰πâ/ÂÖâËç£Â≠§Á´ã/Ë¥∏Êòì‰øùÊä§‰∏ª‰πâ,,Confederate States of America,Sat Mar 27 08:57:31 +0000 2021,20,2255,14434,false,false,false,https://twitter.com/sgchildrensoc,2022-03-22T05:23:13.390Z
https://twitter.com/JOSEPHI86107217,JOSEPHI86107217,1192371355301236737,JOSEPHINE,https://pbs.twimg.com/profile_images/1192371898027347968/YY0UfB1C_normal.jpg,,Believeüïä,,,Thu Nov 07 09:21:33 +0000 2019,2,45,1,false,false,false,https://twitter.com/sgchildrensoc,2022-03-22T05:23:13.390Z
https://twitter.com/ClarisseChristi,ClarisseChristi,1219554038,Clarisse Christie,https://pbs.twimg.com/profile_images/1378620828418379776/LvSlWb1H_normal.jpg,https://pbs.twimg.com/profile_banners/1219554038/1508686868,"21 | Commerce, Comms and Classics at VUW | She/Her | üá≥üáøüá´üá∑ |",,"Wellington City, New Zealand",Mon Feb 25 18:50:55 +0000 2013,177,4723,730,false,false,false,https://twitter.com/sgchildrensoc,2022-03-22T05:23:13.390Z
https://twitter.com/MdAbidu59298192,MdAbidu59298192,1311684110427930624,Tourism and Hotel Phone Number,https://pbs.twimg.com/profile_images/1364461999631921156/BMLChPZp_normal.jpg,https://pbs.twimg.com/profile_banners/1311684110427930624/1612898964,I am Md. Abidur Rahman and have entered the computer profession after completing Masters. I have engaged from the education life in this sector.,https://t.co/Bc4TzmLARG,Dhaka,Thu Oct 01 15:07:28 +0000 2020,186,4990,30,false,false,false,https://twitter.com/sgchildrensoc,2022-03-22T05:23:13.390Z
https://twitter.com/gftrinidad19,gftrinidad19,48928992,Guia Trinidad,https://pbs.twimg.com/profile_images/1352990923651616769/RwgJCPcG_normal.jpg,https://pbs.twimg.com/profile_banners/48928992/1558268513,"Corinthians 13:4-8 ‚ô•Ô∏è
Isaiah 60:22 üôèüèªü§ç‚ú®",,Singapore,Sat Jun 20 04:42:11 +0000 2009,150,195,3263,false,false,false,https://twitter.com/sgchildrensoc,2022-03-22T05:23:13.390Z
https://twitter.com/CherylChuaBLzzz,CherylChuaBLzzz,770202398455246848,Cheryl Chua,https://abs.twimg.com/sticky/default_profile_images/default_profile_normal.png,,,,,Mon Aug 29 10:12:16 +0000 2016,0,650,13,false,false,false,https://twitter.com/sgchildrensoc,2022-03-22T05:23:13.390Z
https://twitter.com/Leojia813,Leojia813,52453551,Leo,https://pbs.twimg.com/profile_images/968079749468758017/G3Gc9ARq_normal.jpg,https://pbs.twimg.com/profile_banners/52453551/1610474995,,,Singapore,Tue Jun 30 17:13:08 +0000 2009,25,461,20,false,false,false,https://twitter.com/sgchildrensoc,2022-03-22T05:23:13.390Z
https://twitter.com/liezlctan,liezlctan,25659999,Liz Tan,https://pbs.twimg.com/profile_images/1435846949282803712/C4qxU4YF_normal.jpg,https://pbs.twimg.com/profile_banners/25659999/1637614458,Wife. Mum. Army. üá∏üá¨,,Singapore,Sat Mar 21 10:09:28 +0000 2009,26,256,6590,false,false,false,https://twitter.com/sgchildrensoc,2022-03-22T05:23:13.390Z
https://twitter.com/a4anga,a4anga,1038328023785717763,Amanda Ang,https://pbs.twimg.com/profile_images/1398293168559321093/0L0D13Nc_normal.jpg,https://pbs.twimg.com/profile_banners/1038328023785717763/1605277621,"They/She‚úåüèº| @Twitterü¶â| üá∏üá¨ Lead for @Policy, @TwitterForGood, @TwitterGov | Always on the hunt for foodü•¢ | You can also find me üßóüèºüèãüèª",,Singapore,Sat Sep 08 07:27:46 +0000 2018,1048,1215,1930,false,false,false,https://twitter.com/sgchildrensoc,2022-03-22T05:23:13.390Z
https://twitter.com/saffronsgpore,saffronsgpore,1027168694307151873,Saffron Singapore,https://pbs.twimg.com/profile_images/1370716077471068160/aC2FJ08b_normal.jpg,https://pbs.twimg.com/profile_banners/1027168694307151873/1614512049,We are the Importers & Distributors of Food products in Singapore,https://t.co/z67nacbtOh,Singapore,Wed Aug 08 12:24:35 +0000 2018,166,1737,445,false,false,false,https://twitter.com/sgchildrensoc,2022-03-22T05:23:13.390Z
https://twitter.com/LNumerist,LNumerist,4554054013,Harry,https://abs.twimg.com/sticky/default_profile_images/default_profile_normal.png,https://pbs.twimg.com/profile_banners/4554054013/1472686537,"Honours Law reader. 
Married to the Law.",,,Mon Dec 14 06:15:10 +0000 2015,0,1327,27,false,false,false,https://twitter.com/sgchildrensoc,2022-03-22T05:23:13.390Z
https://twitter.com/Eunice_Alison,Eunice_Alison,239798181,EuniceAlison,https://pbs.twimg.com/profile_images/1334407998064582661/ilg5ABd9_normal.jpg,,Sloth life,,,Tue Jan 18 13:10:16 +0000 2011,80,161,852,false,false,false,https://twitter.com/sgchildrensoc,2022-03-22T05:23:13.390Z
https://twitter.com/FAmbientalBR,FAmbientalBR,1317313745962602501,Frente Ambiental üåé,https://pbs.twimg.com/profile_images/1318690108745371649/_bXA86xL_normal.jpg,https://pbs.twimg.com/profile_banners/1317313745962602501/1603230490,"Nossa miss√£o √© promover a responsabilidade social, divulgar neg√≥cios/meios sustent√°veis e denunciar crimes ambientais. üå≥üáßüá∑üíß / Siga: @UNEP #BlackLivesMatter",,,Sat Oct 17 03:57:32 +0000 2020,39,2216,11,false,false,false,https://twitter.com/sgchildrensoc,2022-03-22T05:23:13.390Z
https://twitter.com/CodeLearnng,CodeLearnng,1293269445650112519,Code Learn,https://pbs.twimg.com/profile_images/1293269758889140224/2B6E6fX7_normal.jpg,https://pbs.twimg.com/profile_banners/1293269445650112519/1618220140,"07016681377
https://t.co/xB9FvgW85c
Live to Learn, Create the Change.
Quality Education must not be compromised.",,"Abuja, Nigeria",Tue Aug 11 19:34:52 +0000 2020,279,348,809,false,false,false,https://twitter.com/sgchildrensoc,2022-03-22T05:23:13.390Z
https://twitter.com/sgbenchua,sgbenchua,1320606816124821505,Benjamin Alexander Chua,https://pbs.twimg.com/profile_images/1494966619952795649/0mEVEIch_normal.jpg,https://pbs.twimg.com/profile_banners/1320606816124821505/1645262803,"Entrepreneur. Educator. Engineer. Above all, a Singaporean son.",https://t.co/NhlH5AIMHu,Singapore,Mon Oct 26 06:05:00 +0000 2020,0,303,26,false,false,false,https://twitter.com/sgchildrensoc,2022-03-22T05:23:13.630Z
https://twitter.com/cjsprincess,cjsprincess,385228129,Catherine Poh,https://abs.twimg.com/sticky/default_profile_images/default_profile_normal.png,,,,,Wed Oct 05 03:23:41 +0000 2011,8,285,0,false,false,false,https://twitter.com/sgchildrensoc,2022-03-22T05:23:13.630Z
https://twitter.com/ktk_1415,ktk_1415,281290468,Catie K,https://pbs.twimg.com/profile_images/1064360949828763648/gdg4rNe-_normal.jpg,https://pbs.twimg.com/profile_banners/281290468/1461033103,"Some days I feel like Michael Scott. Other days, I feel like Toby",,"West Seneca, NY",Wed Apr 13 00:53:42 +0000 2011,320,902,7602,false,false,false,https://twitter.com/sgchildrensoc,2022-03-22T05:23:13.630Z
https://twitter.com/jwlteng,jwlteng,88679084,Joyce,https://abs.twimg.com/sticky/default_profile_images/default_profile_normal.png,,,,,Mon Nov 09 14:47:48 +0000 2009,3,36,24,false,false,false,https://twitter.com/sgchildrensoc,2022-03-22T05:23:13.630Z
https://twitter.com/verified,verified,63796828,Twitter Verified,https://pbs.twimg.com/profile_images/1354533298685566983/2mZQ3Lpt_normal.jpg,https://pbs.twimg.com/profile_banners/63796828/1611793989,The Verified blue badge source,https://t.co/AGLNuhmZ5h,San Francisco,Fri Aug 07 18:41:45 +0000 2009,3840519,403017,1553,true,false,false,https://twitter.com/sgchildrensoc,2022-03-22T05:23:13.630Z
https://twitter.com/WeeYeh_Tow,WeeYeh_Tow,961093512757481473,Tow Wee Yeh BA(Hons) MBPsS,https://pbs.twimg.com/profile_images/1275968441829085184/r0N24KBm_normal.jpg,,"Facilitating Change with LEGO | UX, Service Design Nerd | Ex-Nielsen",https://t.co/TRyeGEaOkA,Singapore,Wed Feb 07 04:25:24 +0000 2018,28,185,73,false,false,false,https://twitter.com/sgchildrensoc,2022-03-22T05:23:13.630Z
https://twitter.com/CHAOYUEHE,CHAOYUEHE,534107522,HE CHAOYUE,https://pbs.twimg.com/profile_images/898202067709210625/JDiqJRen_normal.jpg,,A CS PhD Candidate of Nanyang Tech. Univ. Singapore @NTUsg .Research currently focusing on Recommender Systems via Deep Learning,,"West Region, Singapore",Fri Mar 23 09:54:29 +0000 2012,58,1005,60,false,false,false,https://twitter.com/sgchildrensoc,2022-03-22T05:23:13.630Z
https://twitter.com/STEPHENKILEL,STEPHENKILEL,870256772,STEPHEN KILEL,https://pbs.twimg.com/profile_images/473744814681251840/-x0-I8tx_normal.jpeg,,PSYCHOLOGIST,,NAIROBI KENYA,Tue Oct 09 17:10:24 +0000 2012,20,78,27,false,false,false,https://twitter.com/sgchildrensoc,2022-03-22T05:23:13.630Z
https://twitter.com/AceWork5,AceWork5,1219510783450603520,Ace @ Work,https://pbs.twimg.com/profile_images/1243043107416858624/9AYxVeSa_normal.jpg,https://pbs.twimg.com/profile_banners/1219510783450603520/1585204189,"Ace @ Work: Why Part Of The Culture Of The Centre is Going The Extra Mile
By¬†S. B. Chew¬†-
21 January 2020",,,Tue Jan 21 06:43:38 +0000 2020,141,1559,70,false,false,false,https://twitter.com/sgchildrensoc,2022-03-22T05:23:13.630Z
https://twitter.com/ISPCAN,ISPCAN,1093478892,ISPCAN,https://pbs.twimg.com/profile_images/1308798694334935044/W8HyN_WZ_normal.png,https://pbs.twimg.com/profile_banners/1093478892/1600876768,International Society for the Prevention of Child Abuse and Neglect - We bring together professionals to prevent child abuse and neglect globally. #ISPCAN,https://t.co/QfubeS4qKl,"Greenwood Village, CO",Tue Jan 15 23:06:06 +0000 2013,3339,2054,5217,false,false,false,https://twitter.com/sgchildrensoc,2022-03-22T05:23:13.630Z
https://twitter.com/ABCDEK4,ABCDEK4,1186975617608060933,ABCDEK,https://abs.twimg.com/sticky/default_profile_images/default_profile_normal.png,,,,,Wed Oct 23 12:00:59 +0000 2019,1,2,2,false,false,false,https://twitter.com/sgchildrensoc,2022-03-22T05:23:13.630Z
https://twitter.com/Denzel25373494,Denzel25373494,1176494419739983872,Use code lazar,https://pbs.twimg.com/profile_images/1186613933097926656/Gc6HnMYl_normal.jpg,https://pbs.twimg.com/profile_banners/1176494419739983872/1571896788,Subscribe to Lazarbeam,,,Tue Sep 24 13:51:53 +0000 2019,3,61,57,false,false,false,https://twitter.com/sgchildrensoc,2022-03-22T05:23:13.630Z
https://twitter.com/aqb589,aqb589,53864857,aqb,https://pbs.twimg.com/profile_images/1146270840989896705/v4nTjEZ6_normal.jpg,,Passing by,,Singapore,Sun Jul 05 07:55:09 +0000 2009,305,1189,9802,false,false,false,https://twitter.com/sgchildrensoc,2022-03-22T05:23:13.630Z
https://twitter.com/DHYANAAROGYAM,DHYANAAROGYAM,588760912,SPIRITUAL TABLETS,https://pbs.twimg.com/profile_images/1142136823239467008/D5eTEe-A_normal.png,https://pbs.twimg.com/profile_banners/588760912/1561141467,"Complete health by meditation,veg'sm,pyramid power&spiritual health counselling aprt from certified therapies-",https://t.co/b13mm8Vefc,INDIA,Thu May 24 02:26:40 +0000 2012,84,358,92,false,false,false,https://twitter.com/sgchildrensoc,2022-03-22T05:23:13.630Z
https://twitter.com/oswinsteve,oswinsteve,108871842,Oswin Steve,https://pbs.twimg.com/profile_images/1276492432012505091/9f2qm_yX_normal.jpg,https://pbs.twimg.com/profile_banners/108871842/1548317069,I am What I am,,Chennai,Wed Jan 27 07:54:03 +0000 2010,14,83,113,false,false,false,https://twitter.com/sgchildrensoc,2022-03-22T05:23:13.630Z
https://twitter.com/munyee998882,munyee998882,4207748833,Christina Lee,https://pbs.twimg.com/profile_images/1005501541095170048/hUIIc5hb_normal.jpg,,,,,Thu Nov 12 02:24:06 +0000 2015,3,54,1,false,false,false,https://twitter.com/sgchildrensoc,2022-03-22T05:23:13.630Z
https://twitter.com/BreegiSci,BreegiSci,3401666722,Breegi Scientific,https://pbs.twimg.com/profile_images/1097902318253756423/h4El39Jq_normal.png,https://pbs.twimg.com/profile_banners/3401666722/1550596770,"A medical device startup developing a neonatal incubator for 1% of the cost and weight of standard incubators. We aim to save newborn lives anytime, anywhere.",https://t.co/UvgQGzNnM3,"Boston, MA",Mon Aug 03 18:24:51 +0000 2015,86,284,49,false,false,false,https://twitter.com/sgchildrensoc,2022-03-22T05:23:13.630Z
https://twitter.com/KeriMcCrickerd,KeriMcCrickerd,719686581037039616,Keri McCrickerd,https://pbs.twimg.com/profile_images/719690134145241088/ebdhgMEI_normal.jpg,,,,,Tue Apr 12 00:40:26 +0000 2016,43,26,0,false,false,false,https://twitter.com/sgchildrensoc,2022-03-22T05:23:13.630Z
https://twitter.com/rachelfc,rachelfc,49570157,Rachel Condry,https://pbs.twimg.com/profile_images/1347915437632331776/uJ27AFMY_normal.jpg,https://pbs.twimg.com/profile_banners/49570157/1460893163,"Professor of Criminology, University of Oxford. Fellow of St Hilda's College. Work on crime, justice & the family, incl. family violence & prisoners' families.",,Oxfordshire,Mon Jun 22 07:58:11 +0000 2009,5348,4442,1242,false,false,false,https://twitter.com/sgchildrensoc,2022-03-22T05:23:13.630Z
https://twitter.com/ArtlayStudio,ArtlayStudio,826320398782312448,Artlay Studio,https://pbs.twimg.com/profile_images/1499270165766148099/sXfmziiH_normal.jpg,https://pbs.twimg.com/profile_banners/826320398782312448/1646289040,"Artlay Studio is a floral preservation studio founded in Arizona that creatively presses, preserve flowers and turns them into botanical hoop art.",https://t.co/drk5Bdsdil,"Central Region, Singapore",Tue Jan 31 06:45:10 +0000 2017,164,814,360,false,false,false,https://twitter.com/sgchildrensoc,2022-03-22T05:23:13.630Z
https://twitter.com/marlina_tay,marlina_tay,580485163,mtay,https://abs.twimg.com/sticky/default_profile_images/default_profile_normal.png,,,,,Tue May 15 03:04:23 +0000 2012,14,182,1,false,false,false,https://twitter.com/sgchildrensoc,2022-03-22T05:23:13.860Z
https://twitter.com/EdsFinadviser,EdsFinadviser,953443605355552768,Edward SHEE,https://pbs.twimg.com/profile_images/953444928914255873/4xjHcVg1_normal.jpg,https://pbs.twimg.com/profile_banners/953443605355552768/1516153981,"Founder of Finadviser, initiating quality and fun insights into financial planning for our future using simple concepts and strategies. Hope to chat with you :)",,Singapore,Wed Jan 17 01:47:24 +0000 2018,14,325,16,false,false,false,https://twitter.com/sgchildrensoc,2022-03-22T05:23:13.860Z
https://twitter.com/ckelly_law,ckelly_law,4373871075,Charlotte Kelly,https://pbs.twimg.com/profile_images/1034823321219735553/fZnPnYGS_normal.jpg,https://pbs.twimg.com/profile_banners/4373871075/1542796468,"PhD student @OxfordCSLS. Interested in child rights, reproductive rights (@bsacp), comparative Asian family law. Best thoughts occur on rollercoasters. She/her",,"Oxford, England",Fri Dec 04 16:37:08 +0000 2015,295,754,327,false,false,false,https://twitter.com/sgchildrensoc,2022-03-22T05:23:13.860Z
https://twitter.com/carnagecaesar,carnagecaesar,26242234,Rehman Shah üá∏üá¨,https://pbs.twimg.com/profile_images/1435592179582320647/qCQTKMfN_normal.jpg,https://pbs.twimg.com/profile_banners/26242234/1435421604,Passionate ‚ù§Ô∏è about #Technology ü¶æ #Health & #Fitness üèãüèæ‚Äç‚ôÇÔ∏è @ManUtd ‚öΩÔ∏èüáæüá™ ‚ûî Im ThAt MoChA mAsCuLiNe!,https://t.co/GTWwMkG5ED,"Kampong Tampines, Singapore",Tue Mar 24 14:03:44 +0000 2009,214,1296,1298,false,false,false,https://twitter.com/sgchildrensoc,2022-03-22T05:23:13.860Z
https://twitter.com/kcreizxschya,kcreizxschya,296305979,kcreizxschya,https://pbs.twimg.com/profile_images/1016993629414424576/7XYTSTxa_normal.jpg,https://pbs.twimg.com/profile_banners/296305979/1522532125,Believer. Traveller. Social Worker,https://t.co/qyRgmo0UHI,,Tue May 10 14:52:25 +0000 2011,24,423,7548,false,false,false,https://twitter.com/sgchildrensoc,2022-03-22T05:23:13.860Z
https://twitter.com/leonardtangty,leonardtangty,167989193,Leonard Tang,https://pbs.twimg.com/profile_images/1117304814/005_normal.jpg,,"Residential Real Estate,Commercial Real Estate :(Offices,Shops,Shophouses,Medical Suites,Hotels).International Real Estate",https://t.co/xN0DlXaCSH,Singapore,Sun Jul 18 02:40:40 +0000 2010,405,1610,183,false,false,false,https://twitter.com/sgchildrensoc,2022-03-22T05:23:13.860Z
https://twitter.com/irrational_ling,irrational_ling,736469306213425152,Idk,https://pbs.twimg.com/profile_images/1005729379366797312/4i5XGsF6_normal.jpg,https://pbs.twimg.com/profile_banners/736469306213425152/1464889158,I don't have anything to say.,,,Sat May 28 08:09:00 +0000 2016,26,365,48,false,false,false,https://twitter.com/sgchildrensoc,2022-03-22T05:23:13.860Z
https://twitter.com/MikeGoh96,MikeGoh96,890904417431453696,Mike Goh,https://pbs.twimg.com/profile_images/1374031000343179265/BWuz0kjv_normal.jpg,https://pbs.twimg.com/profile_banners/890904417431453696/1616429495,takeruz,,"North-East Region, Singapore",Fri Jul 28 11:59:00 +0000 2017,4,111,1121,false,false,false,https://twitter.com/sgchildrensoc,2022-03-22T05:23:13.860Z
https://twitter.com/sivaGofficial,sivaGofficial,2506384710,Siva-G,https://pbs.twimg.com/profile_images/1348170004194226177/TJ1FPSPO_normal.jpg,https://pbs.twimg.com/profile_banners/2506384710/1601859415,My Space,,,Mon May 19 04:43:25 +0000 2014,116,301,463,false,false,false,https://twitter.com/sgchildrensoc,2022-03-22T05:23:13.860Z
https://twitter.com/larry_olp,larry_olp,43320164,larry ong,https://pbs.twimg.com/profile_images/1553048509/tw_11981481_1316611061_normal.jpg,https://pbs.twimg.com/profile_banners/43320164/1385116185,"The Significance and Benefits of Six-Syllable Mantra Recitation

Om Mani Padme Hum
https://t.co/iRMrcAiiho",https://t.co/6F4g1w2TL4,"hainan, china",Fri May 29 12:25:03 +0000 2009,190,751,1088,false,false,false,https://twitter.com/sgchildrensoc,2022-03-22T05:23:13.860Z
https://twitter.com/926_kate,926_kate,873054317246242820,Kate Guo,https://abs.twimg.com/sticky/default_profile_images/default_profile_normal.png,,,,,Fri Jun 09 05:49:04 +0000 2017,0,77,2,false,false,false,https://twitter.com/sgchildrensoc,2022-03-22T05:23:13.860Z
https://twitter.com/Jaynetoh,Jaynetoh,204152012,Jayne Toh Yew Zhen,https://pbs.twimg.com/profile_images/915238240407269376/IbjiJUNy_normal.jpg,https://pbs.twimg.com/profile_banners/204152012/1486421525,,,,Mon Oct 18 01:35:41 +0000 2010,81,234,336,false,false,false,https://twitter.com/sgchildrensoc,2022-03-22T05:23:13.860Z
https://twitter.com/yensim2,yensim2,725658339628052480,yen sim,https://abs.twimg.com/sticky/default_profile_images/default_profile_normal.png,,,,,Thu Apr 28 12:10:05 +0000 2016,0,22,40,false,false,false,https://twitter.com/sgchildrensoc,2022-03-22T05:23:13.860Z
https://twitter.com/santhanaram,santhanaram,14862696,Santhanaram Jayaram,https://pbs.twimg.com/profile_images/1498324237966217222/tKn65dQu_normal.jpg,https://pbs.twimg.com/profile_banners/14862696/1536135115,"#LaughterCoach #ConferenceSpeaker #OpeningSpeaker
#EmployeeEngagement
#MotivationalComedian",https://t.co/k4RlHGSjJ3,Singapore,Wed May 21 23:54:05 +0000 2008,1321,1246,3007,false,false,false,https://twitter.com/sgchildrensoc,2022-03-22T05:23:13.860Z
https://twitter.com/MBIMB1,MBIMB1,794444856668155904,üåûMy Body Is My Body,https://pbs.twimg.com/profile_images/1109527650022969345/WEMyWXBO_normal.png,https://pbs.twimg.com/profile_banners/794444856668155904/1553366871,"FREE Animated Musical 
Child Abuse Prevention Programme
FUN Educational songs 
15 minutes that could change a child's life #SafeguardingChildren #StopChildAbuse",https://t.co/DCP2WGl0Nv,South Yorkshire,Fri Nov 04 07:43:08 +0000 2016,1761,2931,2542,false,false,false,https://twitter.com/sgchildrensoc,2022-03-22T05:23:13.860Z
https://twitter.com/darisjob25,darisjob25,1241593298,DARIS,https://pbs.twimg.com/profile_images/831702316873035776/3LjWtAyV_normal.jpg,https://pbs.twimg.com/profile_banners/1241593298/1487128110,QUEBEC IMMIGRATION(SKILLED WORKER PROGRAM,,"Kerala, India",Mon Mar 04 15:29:25 +0000 2013,9,88,1,false,false,false,https://twitter.com/sgchildrensoc,2022-03-22T05:23:13.861Z
https://twitter.com/ayuremie,ayuremie,3316754108,üíõüñ§ü§é,https://pbs.twimg.com/profile_images/1451778277358534658/F-AfWZuc_normal.jpg,https://pbs.twimg.com/profile_banners/3316754108/1634965965,ü§çCats & Caffeine are Connoisseurs of Comfortü§ç,,,Sun Aug 16 10:43:14 +0000 2015,255,2668,11434,false,false,false,https://twitter.com/sgchildrensoc,2022-03-22T05:23:13.861Z
https://twitter.com/SDEAofficial,SDEAofficial,272165695,SDEA,https://pbs.twimg.com/profile_images/1090818703183073280/c5O9Gy1i_normal.jpg,https://pbs.twimg.com/profile_banners/272165695/1597914865,"Advocating for the value and practice of drama/theatre, and for the advancement of the profession of the drama educator.",http://t.co/n70lK2tQqj,Singapore,Fri Mar 25 23:49:01 +0000 2011,137,468,161,false,false,false,https://twitter.com/sgchildrensoc,2022-03-22T05:23:13.861Z
https://twitter.com/ginlwc,ginlwc,4737769153,Gin,https://pbs.twimg.com/profile_images/1281636365126397953/4VlX9X2M_normal.jpg,https://pbs.twimg.com/profile_banners/4737769153/1594400895,sensitive,,Singapore,Sun Jan 10 09:59:04 +0000 2016,1,18,4,false,false,false,https://twitter.com/sgchildrensoc,2022-03-22T05:23:13.861Z
https://twitter.com/FreddyHuat,FreddyHuat,780621479306145792,Freddy Lim Kim Huat,https://abs.twimg.com/sticky/default_profile_images/default_profile_normal.png,,,,,Tue Sep 27 04:13:58 +0000 2016,1,65,0,false,false,false,https://twitter.com/sgchildrensoc,2022-03-22T05:23:13.861Z
https://twitter.com/wwceline,wwceline,3296536878,Celine,https://pbs.twimg.com/profile_images/868811525766565889/7wbMmHjL_normal.jpg,https://pbs.twimg.com/profile_banners/3296536878/1495975558,"Christian, @Stripe. @Penn, @Wharton, @Twitter alum. Psalm 16:11 - in your presence there is fullness of joy. Likes history, behavioral economics, & poetry.",https://t.co/6grjAUoToC,,Mon Jul 27 01:58:46 +0000 2015,268,282,1273,false,false,false,https://twitter.com/sgchildrensoc,2022-03-22T05:23:14.060Z
https://twitter.com/AnnieSoh2,AnnieSoh2,752154001542516736,Annie Soh,https://abs.twimg.com/sticky/default_profile_images/default_profile_normal.png,,,,,Sun Jul 10 14:54:23 +0000 2016,2,89,0,false,false,false,https://twitter.com/sgchildrensoc,2022-03-22T05:23:14.060Z
https://twitter.com/Omnipotemtem,Omnipotemtem,725910972469153792,anore2016@yandex.com,https://pbs.twimg.com/profile_images/725912567567130624/n0AEtSZi_normal.jpg,,,,,Fri Apr 29 04:53:57 +0000 2016,0,65,0,false,false,false,https://twitter.com/sgchildrensoc,2022-03-22T05:23:14.060Z
https://twitter.com/Cross_E98,Cross_E98,722948374379368448,Brandon Tay,https://pbs.twimg.com/profile_images/722950470327668737/QWJFHw99_normal.jpg,https://pbs.twimg.com/profile_banners/722948374379368448/1461199796,Nothing,,Singapore,Thu Apr 21 00:41:38 +0000 2016,3,45,1,false,false,false,https://twitter.com/sgchildrensoc,2022-03-22T05:23:14.060Z
https://twitter.com/chirowena,chirowena,2891833383,CHI Rowena Ricalde,https://pbs.twimg.com/profile_images/935870343247515650/5PWe_u33_normal.jpg,,,,,Tue Nov 25 10:50:47 +0000 2014,13,160,79,false,false,false,https://twitter.com/sgchildrensoc,2022-03-22T05:23:14.060Z
https://twitter.com/jkh2016,jkh2016,715561774209052677,Jkh,https://abs.twimg.com/sticky/default_profile_images/default_profile_normal.png,,,,,Thu Mar 31 15:29:56 +0000 2016,5,61,0,false,false,false,https://twitter.com/sgchildrensoc,2022-03-22T05:23:14.060Z
https://twitter.com/thinkerbellej,thinkerbellej,698006261946720257,Jamie Smith,https://pbs.twimg.com/profile_images/708332904523247616/3Ca2zYhf_normal.jpg,https://pbs.twimg.com/profile_banners/698006261946720257/1455382395,I think I think too much.,https://t.co/qL5u5zpNHN,,Fri Feb 12 04:50:36 +0000 2016,40,252,722,false,false,false,https://twitter.com/sgchildrensoc,2022-03-22T05:23:14.060Z
https://twitter.com/captioncube,captioncube,3299179789,CaptionCube,https://pbs.twimg.com/profile_images/694481162966700033/QSplyO8-_normal.jpg,,CaptionCube provides closed and live word-for-word captions allowing everyone to access the information being presented. Increasing accessibility with captions!,https://t.co/LdJgpEoHPM,,Tue Jul 28 04:46:31 +0000 2015,27,89,17,false,false,false,https://twitter.com/sgchildrensoc,2022-03-22T05:23:14.060Z
https://twitter.com/thia_la,thia_la,1089061003,eLa,https://pbs.twimg.com/profile_images/469432295787483137/X5lnxGei_normal.jpeg,https://pbs.twimg.com/profile_banners/1089061003/1399472800,,,Singapore,Mon Jan 14 13:36:29 +0000 2013,4,86,37,false,false,false,https://twitter.com/sgchildrensoc,2022-03-22T05:23:14.060Z
https://twitter.com/tohzhiyangrv,tohzhiyangrv,2723606850,Zhiyang,https://pbs.twimg.com/profile_images/685734227963318272/YK-noQWw_normal.jpg,,Exploring twitter,,,Mon Aug 11 10:13:10 +0000 2014,13,162,159,false,false,false,https://twitter.com/sgchildrensoc,2022-03-22T05:23:14.060Z
https://twitter.com/ShaniaChia,ShaniaChia,816450727,Shania Chia,https://pbs.twimg.com/profile_images/378800000733581320/1a2ddbe11d4c32042085075d88080298_normal.png,https://pbs.twimg.com/profile_banners/816450727/1453246503,,,,Tue Sep 11 01:48:48 +0000 2012,12,14,0,false,false,false,https://twitter.com/sgchildrensoc,2022-03-22T05:23:14.060Z
https://twitter.com/My_Bartender_SG,My_Bartender_SG,3312673477,MyBartender,https://pbs.twimg.com/profile_images/678838473751588864/8woQ1aIq_normal.jpg,https://pbs.twimg.com/profile_banners/3312673477/1439314181,"Your best event bar solution !!! 
+65 6200 4586",https://t.co/Sd7LujGxVp,"Central Region, Singapore",Tue Aug 11 17:20:55 +0000 2015,148,1240,299,false,false,false,https://twitter.com/sgchildrensoc,2022-03-22T05:23:14.060Z
https://twitter.com/Freedom_Fusion,Freedom_Fusion,4517968526,Freedom Dale,https://pbs.twimg.com/profile_images/674937060340326400/G5eFw91R_normal.jpg,https://pbs.twimg.com/profile_banners/4517968526/1449752508,We have others to overcome fears and defend themselves and their love ones,,Singapore,Thu Dec 10 12:45:42 +0000 2015,48,448,15,false,false,false,https://twitter.com/sgchildrensoc,2022-03-22T05:23:14.060Z
https://twitter.com/Emerald_6804_,Emerald_6804_,4451538614,huiling23,https://pbs.twimg.com/profile_images/882574522469072896/yTf1nRpQ_normal.jpg,https://pbs.twimg.com/profile_banners/4451538614/1499257092,Enjoying life,,,Fri Dec 04 09:40:15 +0000 2015,77,112,256,false,false,false,https://twitter.com/sgchildrensoc,2022-03-22T05:23:14.060Z
https://twitter.com/DaveOng93,DaveOng93,4451435233,Dave,https://pbs.twimg.com/profile_images/672714125487661056/KQW-PGxD_normal.jpg,https://pbs.twimg.com/profile_banners/4451435233/1449307069,,,,Fri Dec 04 09:19:21 +0000 2015,89,350,160,false,false,false,https://twitter.com/sgchildrensoc,2022-03-22T05:23:14.060Z
https://twitter.com/junweihor,junweihor,4288998704,Hor Jun Wei,https://pbs.twimg.com/profile_images/1138804341064605701/PbXwpyXJ_normal.jpg,https://pbs.twimg.com/profile_banners/4288998704/1594609709,,,Singapore,Thu Nov 19 10:50:15 +0000 2015,16,117,101,false,false,false,https://twitter.com/sgchildrensoc,2022-03-22T05:23:14.060Z
https://twitter.com/mohdkhair66,mohdkhair66,4279881614,Mohamad Khair,https://pbs.twimg.com/profile_images/666999252610977792/5xrUax8o_normal.jpg,,,,,Wed Nov 18 15:03:31 +0000 2015,5,30,4,false,false,false,https://twitter.com/sgchildrensoc,2022-03-22T05:23:14.060Z
https://twitter.com/ChefSaiful1,ChefSaiful1,4277660892,ChefSaiful,https://abs.twimg.com/sticky/default_profile_images/default_profile_normal.png,,,,,Wed Nov 18 10:23:50 +0000 2015,26,110,0,false,false,false,https://twitter.com/sgchildrensoc,2022-03-22T05:23:14.060Z
https://twitter.com/HashAnand,HashAnand,65295338,Anand,https://pbs.twimg.com/profile_images/1455681896143200256/zxNQ2Cnd_normal.jpg,,"Home = Singapore. Work = @Webex. Play = Cricket, Tennis, Poker and Chess. Vegetarian, Dad and fan of all things tech.",https://t.co/m4zFDikTmf,Singapore,Thu Aug 13 06:21:51 +0000 2009,165,438,1466,false,false,false,https://twitter.com/sgchildrensoc,2022-03-22T05:23:14.060Z
https://twitter.com/evng_mehtab,evng_mehtab,1585158102,Evangelist Mehtab ,https://pbs.twimg.com/profile_images/378800000118040521/2bdab983ca9e0a45ebd2cfcef16bf6c6_normal.jpeg,,"I am Evangelist, i love Jesus and also passionate to share the Gospel and to help Christian comunity of Pakistan in rural area of Punjab province.",,,Thu Jul 11 07:39:59 +0000 2013,23,71,48,false,false,false,https://twitter.com/sgchildrensoc,2022-03-22T05:23:14.060Z
https://twitter.com/RoniMolla9,RoniMolla9,4046915772,Roni Molla,https://pbs.twimg.com/profile_images/659364883343867905/Eftw7l89_normal.jpg,,,,,Wed Oct 28 13:39:51 +0000 2015,24,208,3,false,false,false,https://twitter.com/sgchildrensoc,2022-03-22T05:23:14.277Z
https://twitter.com/xiefax,xiefax,2534789179,xiefax,https://pbs.twimg.com/profile_images/851283666412093442/zRzrXSrz_normal.jpg,,You're welcome üíÅ‚Äç‚ôÄÔ∏è,,,Fri May 30 10:29:08 +0000 2014,10,78,113,false,false,false,https://twitter.com/sgchildrensoc,2022-03-22T05:23:14.277Z
https://twitter.com/WY8D,WY8D,577988604,Wu Wan Ying,https://pbs.twimg.com/profile_images/655290853846466561/3u8zCX_k_normal.jpg,https://pbs.twimg.com/profile_banners/577988604/1445068522,caramel is my ‚ô•,,Singapore,Sat May 12 09:38:42 +0000 2012,8,8,1,false,false,false,https://twitter.com/sgchildrensoc,2022-03-22T05:23:14.277Z
https://twitter.com/Ernieloh,Ernieloh,30735678,Eernietv,https://pbs.twimg.com/profile_images/1457976186315763713/jJPAqMKU_normal.jpg,https://pbs.twimg.com/profile_banners/30735678/1634647391,Millennial. I Cook. I HODL. I Roll. The Drunken Ramblings Podcast My thoughts & alotta Crypto,https://t.co/qxwztNTgQ9,,Sun Apr 12 22:19:00 +0000 2009,273,1962,3704,false,false,false,https://twitter.com/sgchildrensoc,2022-03-22T05:23:14.277Z
https://twitter.com/shisha_music,shisha_music,3909961634,Shisha Productions,https://pbs.twimg.com/profile_images/719669562606661632/0LLYFWjr_normal.jpg,https://pbs.twimg.com/profile_banners/3909961634/1444974143,Music Production | Studio | Drummer | Educator | Communicate with music! A gd chai with gd music.,https://t.co/WtwwctSRIn,Singapore,Fri Oct 16 04:18:42 +0000 2015,29,112,123,false,false,false,https://twitter.com/sgchildrensoc,2022-03-22T05:23:14.277Z
https://twitter.com/bloggershop1,bloggershop1,3910446434,bloggershop,https://pbs.twimg.com/profile_images/654890697770708993/s0_jkjhD_normal.jpg,https://pbs.twimg.com/profile_banners/3910446434/1444973343,afficisl of bloggershop,http://t.co/BdTr5BLWRH,"Kota Baubau, Sulawesi Tenggara",Fri Oct 16 05:21:52 +0000 2015,197,1628,43,false,false,false,https://twitter.com/sgchildrensoc,2022-03-22T05:23:14.277Z
https://twitter.com/PayalPisal,PayalPisal,2570376097,Payal Pisal,https://pbs.twimg.com/profile_images/1358938926958870528/BxW7Q6U6_normal.jpg,https://pbs.twimg.com/profile_banners/2570376097/1588323966,"Loves family, fitness, food and fun.",,Singapore,Mon Jun 16 06:24:20 +0000 2014,2108,3328,5107,false,false,false,https://twitter.com/sgchildrensoc,2022-03-22T05:23:14.277Z
https://twitter.com/nanacabana,nanacabana,1090831,Rae Omar,https://pbs.twimg.com/profile_images/27905712/DSC03063_normal.jpg,https://pbs.twimg.com/profile_banners/1090831/1500793004,polly in your pocket,,,Tue Mar 13 14:39:28 +0000 2007,33,55,376,false,false,false,https://twitter.com/sgchildrensoc,2022-03-22T05:23:14.277Z
https://twitter.com/pohyoke84,pohyoke84,3898940532,Poh Yoke,https://pbs.twimg.com/profile_images/654516633386418176/UbyVEIk4_normal.jpg,,,,,Thu Oct 15 04:33:26 +0000 2015,7,58,13,false,false,false,https://twitter.com/sgchildrensoc,2022-03-22T05:23:14.277Z
https://twitter.com/quixiequint,quixiequint,291102022,Kinny,https://pbs.twimg.com/profile_images/473333209095094272/2thpnYht_normal.jpeg,https://pbs.twimg.com/profile_banners/291102022/1352256033,i have phat thumbs,,Wonderland,Sun May 01 13:22:39 +0000 2011,8,33,817,false,false,false,https://twitter.com/sgchildrensoc,2022-03-22T05:23:14.277Z
https://twitter.com/jacksontanera,jacksontanera,3823301594,Jackson Tan,https://pbs.twimg.com/profile_images/666117085584461829/6Z98pEvF_normal.jpg,,,,,Thu Oct 08 08:14:55 +0000 2015,27,207,64,false,false,false,https://twitter.com/sgchildrensoc,2022-03-22T05:23:14.277Z
https://twitter.com/himeyaalan,himeyaalan,20032167,Alan Huang,https://pbs.twimg.com/profile_images/2091993036/image_normal.jpg,,not to be indecisive,,Punggol,Wed Feb 04 07:09:34 +0000 2009,31,136,646,false,false,false,https://twitter.com/sgchildrensoc,2022-03-22T05:23:14.277Z
https://twitter.com/bhfxtraining,bhfxtraining,3756971533,What about Forex,https://abs.twimg.com/sticky/default_profile_images/default_profile_normal.png,,,,,Fri Oct 02 08:11:42 +0000 2015,0,28,6,false,false,false,https://twitter.com/sgchildrensoc,2022-03-22T05:23:14.277Z
https://twitter.com/ViperxIrfan,ViperxIrfan,3716407940,irfan,https://abs.twimg.com/sticky/default_profile_images/default_profile_normal.png,,I am a viper,,,Mon Sep 28 16:18:21 +0000 2015,1,54,1,false,false,false,https://twitter.com/sgchildrensoc,2022-03-22T05:23:14.277Z
https://twitter.com/MithleshR0801,MithleshR0801,3696157332,Mithlesh RAJPUT,https://abs.twimg.com/sticky/default_profile_images/default_profile_normal.png,,,,,Sat Sep 26 20:32:27 +0000 2015,18,121,1,false,false,false,https://twitter.com/sgchildrensoc,2022-03-22T05:23:14.277Z
https://twitter.com/MdNuruzzamanRo3,MdNuruzzamanRo3,3659492054,Md. Nuruzzaman Ronju,https://abs.twimg.com/sticky/default_profile_images/default_profile_normal.png,,,,,Wed Sep 23 12:27:53 +0000 2015,6,41,1,false,false,false,https://twitter.com/sgchildrensoc,2022-03-22T05:23:14.277Z
https://twitter.com/kathieloh78,kathieloh78,3269587194,zzpuan,https://pbs.twimg.com/profile_images/617910822992371712/Wn2X4Uro_normal.png,,,,,Mon Jul 06 04:09:40 +0000 2015,0,8,0,false,false,false,https://twitter.com/sgchildrensoc,2022-03-22T05:23:14.277Z
https://twitter.com/gohpg251309,gohpg251309,3526425672,Matthew Goh,https://pbs.twimg.com/profile_images/642310670805942272/8hO9WPAT_normal.jpg,,,,Singapore,Fri Sep 11 12:12:32 +0000 2015,11,137,0,false,false,false,https://twitter.com/sgchildrensoc,2022-03-22T05:23:14.277Z
https://twitter.com/CrystalLimMing1,CrystalLimMing1,3443679912,Crystal Lim Ming Cho,https://pbs.twimg.com/profile_images/639640148481708032/TJrn40T8_normal.jpg,,,,,Fri Sep 04 03:22:31 +0000 2015,7,114,1,false,false,false,https://twitter.com/sgchildrensoc,2022-03-22T05:23:14.277Z
https://twitter.com/JAYDEEPMACHHI2,JAYDEEPMACHHI2,3317883602,JAYDEEP MACHHI,https://pbs.twimg.com/profile_images/655392562367373312/HljnSm4e_normal.jpg,https://pbs.twimg.com/profile_banners/3317883602/1441123206,"At-lunawada,",http://t.co/7oz4zOra9k,"Lunavada, India",Mon Aug 17 15:29:24 +0000 2015,307,1456,30,false,false,false,https://twitter.com/sgchildrensoc,2022-03-22T05:23:14.277Z
https://twitter.com/Lucky_Dragon747,Lucky_Dragon747,195255387,James Lee,https://pbs.twimg.com/profile_images/653934373658492929/cav3A06u_normal.jpg,,,https://t.co/t3WPVPwH4Q,Singapore,Sun Sep 26 06:13:10 +0000 2010,26,1392,117,false,false,false,https://twitter.com/sgchildrensoc,2022-03-22T05:23:14.540Z
https://twitter.com/HMM_VIRGO,HMM_VIRGO,3244498434,Hossain M,https://pbs.twimg.com/profile_images/609838583097069568/bs4vS0wq_normal.jpg,,,,"Leicester, England",Sat Jun 13 21:37:55 +0000 2015,17,172,19,false,false,false,https://twitter.com/sgchildrensoc,2022-03-22T05:23:14.540Z
https://twitter.com/_DCALS,_DCALS,3317897882,Ozalif Omar,https://pbs.twimg.com/profile_images/633309925502947328/t7OwHS-V_normal.png,https://pbs.twimg.com/profile_banners/3317897882/1439864953,,,,Mon Aug 17 15:46:10 +0000 2015,61,975,242,false,false,false,https://twitter.com/sgchildrensoc,2022-03-22T05:23:14.540Z
https://twitter.com/acky3000,acky3000,25465833,Alastair C,https://pbs.twimg.com/profile_images/3585021473/24499cfda183c618928f0208ae6eae3c_normal.jpeg,,i am a banana.,https://t.co/dP3QN1a4tc,‚ñí‚ñì‚ñà‚ñà N ‚ñà U ‚ñà F ‚ñà C ‚ñà‚ñà‚ñì‚ñí,Fri Mar 20 05:21:24 +0000 2009,66,353,2276,false,false,false,https://twitter.com/sgchildrensoc,2022-03-22T05:23:14.540Z
https://twitter.com/AloysiuChen,AloysiuChen,3299618934,Aloysius,https://abs.twimg.com/sticky/default_profile_images/default_profile_normal.png,,,,,Tue Jul 28 16:12:33 +0000 2015,3,43,0,false,false,false,https://twitter.com/sgchildrensoc,2022-03-22T05:23:14.540Z
https://twitter.com/cheetahbubbles,cheetahbubbles,275012507,S.,https://pbs.twimg.com/profile_images/1084140189297983488/FomhA_PJ_normal.jpg,https://pbs.twimg.com/profile_banners/275012507/1542495198,"Life without purpose is like a body without soul. I'm in it for the outcome, not income. Alhamdulillah for everything.",,Singapore,Thu Mar 31 13:22:19 +0000 2011,108,174,20317,false,false,false,https://twitter.com/sgchildrensoc,2022-03-22T05:23:14.540Z
https://twitter.com/Koala_Sd,Koala_Sd,147877869,Koala,https://pbs.twimg.com/profile_images/1144600017/image_normal.jpg,,I just want to be me,,,Tue May 25 08:11:33 +0000 2010,8,624,344,false,false,false,https://twitter.com/sgchildrensoc,2022-03-22T05:23:14.540Z
https://twitter.com/irene30277,irene30277,807804042,irene,https://pbs.twimg.com/profile_images/3598571878/7af860bbf2255a9e072b4eef784c2bc6_normal.jpeg,,,,,Thu Sep 06 23:39:18 +0000 2012,8,95,7,false,false,false,https://twitter.com/sgchildrensoc,2022-03-22T05:23:14.540Z
https://twitter.com/SalesCheng,SalesCheng,3261436771,Cheng Ai Nee,https://pbs.twimg.com/profile_images/615881041631252481/7yXV924X_normal.jpg,,,http://t.co/NNyeF4Q7Se,,Tue Jun 30 13:51:26 +0000 2015,3,49,0,false,false,false,https://twitter.com/sgchildrensoc,2022-03-22T05:23:14.540Z
https://twitter.com/anokhi_san,anokhi_san,3256941859,hiral anokhi san,https://pbs.twimg.com/profile_images/1229721722045128704/RXH8fOHd_normal.jpg,,"life enthusiast. 
 being open to new experiences.
nature lover",https://t.co/rqHs2dDSNJ,,Fri Jun 26 17:39:48 +0000 2015,5,159,13,false,false,false,https://twitter.com/sgchildrensoc,2022-03-22T05:23:14.540Z
https://twitter.com/ahsun0903,ahsun0903,30250188,Edward Shee Boon Sun,https://pbs.twimg.com/profile_images/953446034469892096/LqdCHSa__normal.jpg,https://pbs.twimg.com/profile_banners/30250188/1516154224,"New Dad, Financial Planner, Positivity Magnet, Value Investor, Certified Wills Planner, Husband to W, Happy Listener, Master NLP Certified, Biz Builder =)",https://t.co/BQY8qkPzlL,Singapore,Fri Apr 10 16:24:26 +0000 2009,132,543,1448,false,false,false,https://twitter.com/sgchildrensoc,2022-03-22T05:23:14.540Z
https://twitter.com/doverotter,doverotter,2789725086,otter,https://pbs.twimg.com/profile_images/1242086406068920320/zTyWddAM_normal.jpg,https://pbs.twimg.com/profile_banners/2789725086/1584971473,,,,Thu Sep 04 12:56:45 +0000 2014,8,643,2,false,false,false,https://twitter.com/sgchildrensoc,2022-03-22T05:23:14.540Z
https://twitter.com/861d560f9d37409,861d560f9d37409,3228520128,ecarg,https://pbs.twimg.com/profile_images/1490130284271976451/SxeuIr7W_normal.jpg,,,,,Thu May 28 02:43:01 +0000 2015,18,137,6,false,false,false,https://twitter.com/sgchildrensoc,2022-03-22T05:23:14.540Z
https://twitter.com/YukieTan_XH,YukieTan_XH,338242836,Yukie,https://pbs.twimg.com/profile_images/378800000232412373/e2eeded5995a25108558b2352338ade6_normal.jpeg,https://pbs.twimg.com/profile_banners/338242836/1363853748,"One day, I shall inspire million of people. Dream and Believe. Life is unpredictable. #Believe #Purpose #Dreams",,,Tue Jul 19 08:42:11 +0000 2011,206,514,1925,false,false,false,https://twitter.com/sgchildrensoc,2022-03-22T05:23:14.540Z
https://twitter.com/tkwees,tkwees,268628603,George,https://abs.twimg.com/sticky/default_profile_images/default_profile_normal.png,,,,,Sat Mar 19 04:32:38 +0000 2011,21,435,6,false,false,false,https://twitter.com/sgchildrensoc,2022-03-22T05:23:14.540Z
https://twitter.com/sng_pc,sng_pc,3169291670,Sng Peng Cheng,https://abs.twimg.com/sticky/default_profile_images/default_profile_normal.png,,,,,Thu Apr 23 22:44:21 +0000 2015,12,154,1,false,false,false,https://twitter.com/sgchildrensoc,2022-03-22T05:23:14.540Z
https://twitter.com/sexilycandid,sexilycandid,2265176707,sylvia,https://pbs.twimg.com/profile_images/423633261491781634/GEQwGkmE_normal.jpeg,https://pbs.twimg.com/profile_banners/2265176707/1398945770,magnum opus in progress,,,Sat Dec 28 01:34:10 +0000 2013,9,32,2945,false,false,false,https://twitter.com/sgchildrensoc,2022-03-22T05:23:14.540Z
https://twitter.com/yx_ng,yx_ng,45511719,Yi Xiang,https://pbs.twimg.com/profile_images/1252503731/173671_522248569_1212798_q_normal.jpg,https://pbs.twimg.com/profile_banners/45511719/1363066522,"Graduated with Computer engrg! Like trekking, camping, net surfing, programming, robotics and AI",,Singapore,Mon Jun 08 06:05:23 +0000 2009,67,669,174,false,false,false,https://twitter.com/sgchildrensoc,2022-03-22T05:23:14.540Z
https://twitter.com/38details,38details,3151355688,Ks,https://pbs.twimg.com/profile_images/587245412198658048/iDij_uy1_normal.jpg,,,,,Sun Apr 12 13:23:14 +0000 2015,8,142,0,false,false,false,https://twitter.com/sgchildrensoc,2022-03-22T05:23:14.540Z
https://twitter.com/projectkindle_,projectkindle_,3144673729,Project Kindle,https://pbs.twimg.com/profile_images/588719356369965056/l7xgJfjk_normal.jpg,,"Project Kindle comprises Pei Shan, Nicole, Jin An and Hong Ting from HCJC. Through raising awareness and funds, we aim to support Singapore Children's Society.",http://t.co/plTtloVJRc,Singapore,Wed Apr 08 10:59:59 +0000 2015,0,2,0,false,false,false,https://twitter.com/sgchildrensoc,2022-03-22T05:23:14.540Z
https://twitter.com/littleslowly,littleslowly,449006070,Vanessa,https://pbs.twimg.com/profile_images/1721003158/image_normal.jpg,,,,,Wed Dec 28 16:42:11 +0000 2011,3,57,59,false,false,false,https://twitter.com/sgchildrensoc,2022-03-22T05:23:14.717Z
https://twitter.com/azmierango,azmierango,3110168622,Azmie Rango,https://pbs.twimg.com/profile_images/751198393590882304/u8FLJsOJ_normal.jpg,https://pbs.twimg.com/profile_banners/3110168622/1464914796,"@skullsandsoles Instashop! Snapbacks,Sneakers,Bags and More!",,,Fri Mar 27 14:39:17 +0000 2015,58,222,124,false,false,false,https://twitter.com/sgchildrensoc,2022-03-22T05:23:14.717Z
https://twitter.com/arirang533,arirang533,3104955422,Choi Will,https://abs.twimg.com/sticky/default_profile_images/default_profile_normal.png,,,,,Mon Mar 23 14:45:13 +0000 2015,134,474,0,false,false,false,https://twitter.com/sgchildrensoc,2022-03-22T05:23:14.717Z
https://twitter.com/reshmysudeep,reshmysudeep,129854119,Sudeep Mathew,https://pbs.twimg.com/profile_images/1311481198388998144/PjSd3mef_normal.jpg,https://pbs.twimg.com/profile_banners/129854119/1595441949,,,singapore,Mon Apr 05 16:24:53 +0000 2010,29,152,336,false,false,false,https://twitter.com/sgchildrensoc,2022-03-22T05:23:14.717Z
https://twitter.com/SophieLinke,SophieLinke,3100975843,Sophie Linke,https://pbs.twimg.com/profile_images/579151211581964288/Ib3hf9Qw_normal.jpg,,,,,Sat Mar 21 05:13:55 +0000 2015,4,235,0,false,false,false,https://twitter.com/sgchildrensoc,2022-03-22T05:23:14.717Z
https://twitter.com/zhibin87,zhibin87,201122981,Zhi Bin,https://pbs.twimg.com/profile_images/484858474673606656/CoWJ0ywr_normal.jpeg,,success is accumulation day after day,,Singapore,Mon Oct 11 03:46:32 +0000 2010,40,41,5053,false,false,false,https://twitter.com/sgchildrensoc,2022-03-22T05:23:14.717Z
https://twitter.com/strivestudiossg,strivestudiossg,3052822214,strivestudiossg,https://pbs.twimg.com/profile_images/572055099464089600/Q1r4O5aj_normal.jpeg,https://pbs.twimg.com/profile_banners/3052822214/1425224345,Wedding Services | +65 | 82422005,,Singapore,Sun Mar 01 15:24:41 +0000 2015,108,1181,655,false,false,false,https://twitter.com/sgchildrensoc,2022-03-22T05:23:14.717Z
https://twitter.com/DaleHamid,DaleHamid,2313465504,dale,https://abs.twimg.com/sticky/default_profile_images/default_profile_normal.png,,,,,Mon Jan 27 11:10:30 +0000 2014,22,148,4,false,false,false,https://twitter.com/sgchildrensoc,2022-03-22T05:23:14.717Z
https://twitter.com/patricksia2004,patricksia2004,3023923602,Patrick,https://pbs.twimg.com/profile_images/567675013931597825/Hlxya3J0_normal.jpeg,,,,,Tue Feb 17 13:20:06 +0000 2015,2,44,2,false,false,false,https://twitter.com/sgchildrensoc,2022-03-22T05:23:14.717Z
https://twitter.com/mayawehbi8,mayawehbi8,434209606,Maya Wehbi,https://pbs.twimg.com/profile_images/1249804645834338304/v5X4xBOy_normal.jpg,https://pbs.twimg.com/profile_banners/434209606/1605807317,English Teacher & Coordinator at Makassed Aisha School,,,Sun Dec 11 15:25:47 +0000 2011,1256,661,1156,false,false,false,https://twitter.com/sgchildrensoc,2022-03-22T05:23:14.717Z
https://twitter.com/doodleolio,doodleolio,231354752,Elvire,https://pbs.twimg.com/profile_images/1806410365/lion_normal.jpg,,"Am a Freelance illustrator, graphic/web designer and a photographer",http://t.co/QgWQDYE7vl,Singapore,Tue Dec 28 08:20:18 +0000 2010,24,63,145,false,false,false,https://twitter.com/sgchildrensoc,2022-03-22T05:23:14.717Z
https://twitter.com/sMiLiNgDaz,sMiLiNgDaz,404143644,Ong Jing Wen Ivy,https://pbs.twimg.com/profile_images/2778689197/c3e6b2b18cf90c9c789759e0cb926884_normal.png,,,,,Thu Nov 03 14:19:42 +0000 2011,44,71,1982,false,false,false,https://twitter.com/sgchildrensoc,2022-03-22T05:23:14.717Z